-- MySQL dump 10.13  Distrib 8.0.31, for Win64 (x86_64)
--
-- Host: 127.0.0.1    Database: waste_management
-- ------------------------------------------------------
-- Server version	8.0.31

/*!40101 SET @OLD_CHARACTER_SET_CLIENT=@@CHARACTER_SET_CLIENT */;
/*!40101 SET @OLD_CHARACTER_SET_RESULTS=@@CHARACTER_SET_RESULTS */;
/*!40101 SET @OLD_COLLATION_CONNECTION=@@COLLATION_CONNECTION */;
/*!50503 SET NAMES utf8mb4 */;
/*!40103 SET @OLD_TIME_ZONE=@@TIME_ZONE */;
/*!40103 SET TIME_ZONE='+00:00' */;
/*!40014 SET @OLD_UNIQUE_CHECKS=@@UNIQUE_CHECKS, UNIQUE_CHECKS=0 */;
/*!40014 SET @OLD_FOREIGN_KEY_CHECKS=@@FOREIGN_KEY_CHECKS, FOREIGN_KEY_CHECKS=0 */;
/*!40101 SET @OLD_SQL_MODE=@@SQL_MODE, SQL_MODE='NO_AUTO_VALUE_ON_ZERO' */;
/*!40111 SET @OLD_SQL_NOTES=@@SQL_NOTES, SQL_NOTES=0 */;

--
-- Table structure for table `alembic_version`
--

DROP TABLE IF EXISTS `alembic_version`;
/*!40101 SET @saved_cs_client     = @@character_set_client */;
/*!50503 SET character_set_client = utf8mb4 */;
CREATE TABLE `alembic_version` (
  `version_num` varchar(32) NOT NULL,
  PRIMARY KEY (`version_num`)
) ENGINE=InnoDB DEFAULT CHARSET=utf8mb4 COLLATE=utf8mb4_0900_ai_ci;
/*!40101 SET character_set_client = @saved_cs_client */;

--
-- Dumping data for table `alembic_version`
--

LOCK TABLES `alembic_version` WRITE;
/*!40000 ALTER TABLE `alembic_version` DISABLE KEYS */;
INSERT INTO `alembic_version` VALUES ('bf66c48f251d');
/*!40000 ALTER TABLE `alembic_version` ENABLE KEYS */;
UNLOCK TABLES;

--
-- Table structure for table `department`
--

DROP TABLE IF EXISTS `department`;
/*!40101 SET @saved_cs_client     = @@character_set_client */;
/*!50503 SET character_set_client = utf8mb4 */;
CREATE TABLE `department` (
  `DID` int NOT NULL AUTO_INCREMENT,
  `departmentName` varchar(200) NOT NULL,
  `departmentType` enum('METALLURGY','EQUIPMENT_MANUFACTURING','COMPOSITE_MATERIAL','NEW_ENERGY','AUTOMATION_SYSTEM','MAINTENANCE','LABORATORY','DATA_CENTER','OFFICE') NOT NULL,
  `departmentAddress` varchar(500) NOT NULL,
  PRIMARY KEY (`DID`),
  UNIQUE KEY `departmentName` (`departmentName`)
) ENGINE=InnoDB AUTO_INCREMENT=13 DEFAULT CHARSET=utf8mb4 COLLATE=utf8mb4_0900_ai_ci;
/*!40101 SET character_set_client = @saved_cs_client */;

--
-- Dumping data for table `department`
--

LOCK TABLES `department` WRITE;
/*!40000 ALTER TABLE `department` DISABLE KEYS */;
INSERT INTO `department` VALUES (1,'Advanced Metallurgy Division','METALLURGY','101 Steel Avenue'),(2,'High-End Equipment Manufacturing Co.','EQUIPMENT_MANUFACTURING','202 Precision Road'),(3,'Composite Materials Innovations LLC','COMPOSITE_MATERIAL','303 Composite Loop'),(4,'Green Energy Solutions','NEW_ENERGY','404 Sustainable Way'),(5,'Automation Systems Corp.','AUTOMATION_SYSTEM','505 Automation Alley'),(6,'Equipment Maintenance and Services','MAINTENANCE','606 Maintenance Drive'),(7,'Advanced Research Labs','LABORATORY','707 Innovation Blvd'),(8,'Central Data Center','DATA_CENTER','808 Data Stream Road'),(9,'Corporate Headquarters','OFFICE','909 Executive Row');
/*!40000 ALTER TABLE `department` ENABLE KEYS */;
UNLOCK TABLES;

--
-- Table structure for table `freeproportion`
--

DROP TABLE IF EXISTS `freeproportion`;
/*!40101 SET @saved_cs_client     = @@character_set_client */;
/*!50503 SET character_set_client = utf8mb4 */;
CREATE TABLE `freeproportion` (
  `FID` int NOT NULL AUTO_INCREMENT,
  `wasteType` enum('HEAVY_METAL_WASTEWATER','EXHAUST_GAS','MINERAL_RESIDUE','CUTTING_FLUID','METAL_CHIPS','PLASTIC','COMPOSITE_MATERIAL_CUTTING_WASTE','WASTE_PAINT','DUST','CHEMICALS','CATALYZER','CHEMICAL_PROPELLANTS','FUEL_RESIDUES','DISCARDED_ELECTRONIC_COMPONENTS','HYDRAULIC_OIL','LUBRICANT_WASTE','HAZARDOUS_CHEMICALS','WASTE_EXPERIMENTAL_EQUIPMENT','WASTE_HEAT','WASTE_PAPER','HOUSEHOLD_WASTE') NOT NULL,
  `freeProportion` int NOT NULL,
  `freeCapacity` float NOT NULL,
  PRIMARY KEY (`FID`)
) ENGINE=InnoDB AUTO_INCREMENT=22 DEFAULT CHARSET=utf8mb4 COLLATE=utf8mb4_0900_ai_ci;
/*!40101 SET character_set_client = @saved_cs_client */;

--
-- Dumping data for table `freeproportion`
--

LOCK TABLES `freeproportion` WRITE;
/*!40000 ALTER TABLE `freeproportion` DISABLE KEYS */;
INSERT INTO `freeproportion` VALUES (1,'HEAVY_METAL_WASTEWATER',10,650),(2,'EXHAUST_GAS',10,550),(3,'MINERAL_RESIDUE',10,500),(4,'CUTTING_FLUID',10,600),(5,'METAL_CHIPS',10,500),(6,'PLASTIC',10,500),(7,'COMPOSITE_MATERIAL_CUTTING_WASTE',10,450),(8,'WASTE_PAINT',11,715),(9,'DUST',10,400),(10,'CHEMICALS',10,580),(11,'CATALYZER',10,610),(12,'CHEMICAL_PROPELLANTS',10,440),(13,'FUEL_RESIDUES',10,410),(14,'DISCARDED_ELECTRONIC_COMPONENTS',10,390),(15,'HYDRAULIC_OIL',10,500),(16,'LUBRICANT_WASTE',10,470),(17,'HAZARDOUS_CHEMICALS',10,400),(18,'WASTE_EXPERIMENTAL_EQUIPMENT',10,410),(19,'WASTE_HEAT',10,420),(20,'WASTE_PAPER',10,450),(21,'HOUSEHOLD_WASTE',9,396);
/*!40000 ALTER TABLE `freeproportion` ENABLE KEYS */;
UNLOCK TABLES;

--
-- Table structure for table `order`
--

DROP TABLE IF EXISTS `order`;
/*!40101 SET @saved_cs_client     = @@character_set_client */;
/*!50503 SET character_set_client = utf8mb4 */;
CREATE TABLE `order` (
  `OID` int NOT NULL AUTO_INCREMENT,
  `UID` int DEFAULT NULL,
  `date` date NOT NULL,
  `finishDate` date DEFAULT NULL,
  `orderName` varchar(300) NOT NULL,
  `wasteType` enum('HEAVY_METAL_WASTEWATER','EXHAUST_GAS','MINERAL_RESIDUE','CUTTING_FLUID','METAL_CHIPS','PLASTIC','COMPOSITE_MATERIAL_CUTTING_WASTE','WASTE_PAINT','DUST','CHEMICALS','CATALYZER','CHEMICAL_PROPELLANTS','FUEL_RESIDUES','DISCARDED_ELECTRONIC_COMPONENTS','HYDRAULIC_OIL','LUBRICANT_WASTE','HAZARDOUS_CHEMICALS','WASTE_EXPERIMENTAL_EQUIPMENT','WASTE_HEAT','WASTE_PAPER','HOUSEHOLD_WASTE') NOT NULL,
  `weight` int NOT NULL,
  `attribution` text NOT NULL,
  `multiplier` float NOT NULL,
  `comment` text,
  `orderStatus` enum('UNCONFIRMED','CONFIRM','PROCESSING','FINISHED','DISCHARGED') NOT NULL,
  `department_id` int DEFAULT NULL,
  `wasteSource` enum('INTERNAL','EXTERNAL','EXTERNAL_FREE') NOT NULL,
  `address` varchar(500) NOT NULL,
  PRIMARY KEY (`OID`),
  KEY `department_id` (`department_id`),
  CONSTRAINT `order_ibfk_1` FOREIGN KEY (`department_id`) REFERENCES `department` (`DID`)
) ENGINE=InnoDB AUTO_INCREMENT=434 DEFAULT CHARSET=utf8mb4 COLLATE=utf8mb4_0900_ai_ci;
/*!40101 SET character_set_client = @saved_cs_client */;

--
-- Dumping data for table `order`
--

LOCK TABLES `order` WRITE;
/*!40000 ALTER TABLE `order` DISABLE KEYS */;
INSERT INTO `order` VALUES (1,1,'2024-04-19','2024-04-29','Metal Wastewater Disposal','HEAVY_METAL_WASTEWATER',500,'CuSo4:10% ',1.9,'Metal Wastewater Disposal','FINISHED',1,'INTERNAL','101 Steel Avenue'),(2,1,'2024-04-17','2024-04-30','Exhaust Gas Treatment','EXHAUST_GAS',20,'So2:10% ',1,'Exhaust Gas Treatment','FINISHED',1,'INTERNAL','101 Steel Avenue'),(3,2,'2024-04-16','2024-04-28','Cutting Fluid Recycling','CUTTING_FLUID',15,'oil:100% ',1.3,'Cutting Fluid Recycling','FINISHED',2,'INTERNAL','202 Precision Road'),(4,2,'2024-04-15','2024-04-30','Plastic Waste Management','PLASTIC',80,'PVC:100% ',1,'Plastic Waste Management','FINISHED',2,'INTERNAL','202 Precision Road'),(5,3,'2024-04-05','2024-04-26','Chemical Propellant Disposal','CHEMICALS',40,'C2H2:20% ',1,'Chemical Propellant Disposal','FINISHED',3,'INTERNAL','303 Composite Loop'),(6,2,'2024-04-09','2024-04-29','Waste Paint Disposal','WASTE_PAINT',25,'paint:70% ',1,'Waste Paint Disposal','FINISHED',2,'INTERNAL','202 Precision Road'),(7,3,'2024-04-01','2024-04-25','Industrial Dust Collection','DUST',150,'dust:95% ',1,'Industrial Dust Collection','FINISHED',3,'INTERNAL','303 Composite Loop'),(8,3,'2024-03-19','2024-04-27','Chemical Waste Handling','CHEMICALS',80,'acid:20% ',1,'Chemical Waste Handling','FINISHED',3,'INTERNAL','303 Composite Loop'),(9,3,'2024-04-03','2024-04-22','Catalyzer Recycling','CATALYZER',10,'nickel:30% ',1,'Catalyzer Recycling','FINISHED',3,'INTERNAL','303 Composite Loop'),(10,4,'2024-04-16','2024-04-27','Chemical Propellants Disposal','CHEMICAL_PROPELLANTS',40,'fuel:50% ',1,'Chemical Propellants Disposal','FINISHED',4,'INTERNAL','404 Sustainable Way'),(11,4,'2024-04-15','2024-04-26','Fuel Residue Processing','FUEL_RESIDUES',60,'Oil:75% ',1,'Fuel Residue Processing','FINISHED',4,'INTERNAL','404 Sustainable Way'),(12,5,'2024-04-11','2024-04-24','Electronic Components Recycling','DISCARDED_ELECTRONIC_COMPONENTS',90,'ICs:40% ',1,'Electronic Components Recycling','FINISHED',5,'INTERNAL','505 Automation Alley'),(13,6,'2024-04-18','2024-04-26','Hydraulic Oil Recycling','HYDRAULIC_OIL',70,'reagents:30% ',1,'Hydraulic Oil Recycling','FINISHED',6,'INTERNAL','606 Maintenance Drive'),(14,6,'2024-04-15','2024-04-23','Lubricant Waste Collection','LUBRICANT_WASTE',45,'grease:60% ',1,'Lubricant Waste Collection','FINISHED',6,'INTERNAL','606 Maintenance Drive'),(15,7,'2024-04-03','2024-04-26','Hazardous Chemical Disposal','HAZARDOUS_CHEMICALS',50,'reagents:30% ',1,'Hazardous Chemical Disposal','FINISHED',7,'INTERNAL','707 Innovation Blvd'),(16,7,'2023-05-19','2024-05-24','Experimental Equipment Clearance','WASTE_EXPERIMENTAL_EQUIPMENT',20,'pipettes:100% ',1,'Experimental Equipment Clearance','FINISHED',7,'INTERNAL','707 Innovation Blvd'),(17,8,'2023-05-27','2024-04-24','Waste Heat Utilization','WASTE_HEAT',200,'heat:90% ',1,'Waste Heat Utilization','FINISHED',8,'INTERNAL','808 Data Stream Road'),(18,9,'2023-05-29','2024-04-26','Paper Recycling','WASTE_PAPER',150,'paper:50% ',1,'Paper Recycling','FINISHED',9,'INTERNAL','909 Executive Row'),(19,9,'2023-05-31','2024-04-25','Household Waste Segregation','HOUSEHOLD_WASTE',180,'waste:40% ',1,'Household Waste Segregation','FINISHED',9,'INTERNAL','909 Executive Row'),(20,2,'2023-06-02','2024-04-27','Metal Chips Processing','METAL_CHIPS',85,'chips:70% ',1,'Metal Chips Processing','FINISHED',2,'INTERNAL','202 Precision Road'),(21,1,'2023-06-04','2024-04-26','Mineral Residue Processing','MINERAL_RESIDUE',60,'Tailings:95% ',1,'Mineral Residue Processing','FINISHED',1,'INTERNAL','101 Steel Avenue'),(22,3,'2023-06-06','2024-04-24','Composite Material Cutting Disposal','COMPOSITE_MATERIAL_CUTTING_WASTE',30,'fiber:60% ',1,'Composite Material Cutting Disposal','FINISHED',3,'INTERNAL','303 Composite Loop'),(23,4,'2023-06-08','2024-04-25','Fuel Residue Processing','FUEL_RESIDUES',65,'sludge:80% ',1,'Fuel Residue Processing','FINISHED',4,'INTERNAL','404 Sustainable Way'),(24,5,'2023-06-10','2024-04-25','Electronic Components Recycling','DISCARDED_ELECTRONIC_COMPONENTS',95,'ICs:45% ',1,'Electronic Components Recycling','FINISHED',5,'INTERNAL','505 Automation Alley'),(25,6,'2023-06-12','2024-04-24','Lubricant Waste Collection','LUBRICANT_WASTE',50,'grease:65% ',1,'Lubricant Waste Collection','FINISHED',6,'INTERNAL','606 Maintenance Drive'),(26,7,'2023-06-14','2024-04-24','Hazardous Chemical Disposal','HAZARDOUS_CHEMICALS',55,'reagents:30% ',1,'Hazardous Chemical Disposal','FINISHED',7,'INTERNAL','707 Innovation Blvd'),(27,8,'2023-06-16','2024-04-23','Waste Heat Utilization','WASTE_HEAT',205,'pipettes:100% ',1,'Waste Heat Utilization','FINISHED',8,'INTERNAL','808 Data Stream Road'),(28,9,'2023-06-18','2024-04-25','Paper Recycling','WASTE_PAPER',155,'heat:90% ',1,'Paper Recycling','FINISHED',9,'INTERNAL','909 Executive Row'),(29,3,'2023-06-20','2024-04-23','Dust Collection from Cutting','DUST',160,'paper:50% ',1,'Dust Collection from Cutting','FINISHED',3,'INTERNAL','303 Composite Loop'),(30,6,'2023-06-22','2024-04-25','Hydraulic Oil Recycling','HYDRAULIC_OIL',75,'waste:40% ',1,'Hydraulic Oil Recycling','FINISHED',6,'INTERNAL','606 Maintenance Drive'),(31,2,'2024-04-19','2024-04-27','Industrial Fluid Reuse','CUTTING_FLUID',14,'chips:70% ',1,'Industrial Fluid Reuse','FINISHED',2,'INTERNAL','202 Precision Road'),(32,2,'2024-04-18','2024-04-25','Synthetic Resin Disposal','PLASTIC',75,'Tailings:95% ',18,'Synthetic Resin Disposal','FINISHED',2,'INTERNAL','202 Precision Road'),(33,2,'2024-04-17','2024-04-24','Eco Paint Collection','WASTE_PAINT',22,'fiber:60% ',1,'Eco Paint Collection','FINISHED',2,'INTERNAL','202 Precision Road'),(34,2,'2024-04-19','2024-04-29','Iron Shavings Processing','METAL_CHIPS',80,'reagents:30% ',1,'Iron Shavings Processing','FINISHED',2,'INTERNAL','202 Precision Road'),(36,2,'2024-04-19','2024-04-25','Composite Material Sorting','COMPOSITE_MATERIAL_CUTTING_WASTE',30,'pipettes:100% ',1,'Composite Material Sorting','FINISHED',2,'INTERNAL','202 Precision Road'),(37,2,'2024-04-15','2024-04-23','Used Oil Filtration','CUTTING_FLUID',18,'heat:90% ',1,'Used Oil Filtration','FINISHED',2,'INTERNAL','202 Precision Road'),(38,2,'2024-04-14','2024-04-24','Recycled Plastic Use','PLASTIC',78,'paper:50% ',1,'Recycled Plastic Use','FINISHED',2,'INTERNAL','202 Precision Road'),(39,2,'2024-04-16','2024-04-26','Paint Waste Processing','WASTE_PAINT',28,'waste:40% ',1,'Paint Waste Processing','FINISHED',2,'INTERNAL','202 Precision Road'),(40,2,'2024-04-17','2024-04-29','Steel Chips Recycle','METAL_CHIPS',87,'chips:70% ',1,'Steel Chips Recycle','FINISHED',2,'INTERNAL','202 Precision Road'),(41,2,'2024-04-10','2024-04-24','Advanced Composite Disposal','COMPOSITE_MATERIAL_CUTTING_WASTE',33,'Tailings:95% ',1,'Advanced Composite Disposal','FINISHED',2,'INTERNAL','202 Precision Road'),(42,2,'2024-04-09','2024-04-26','Coolant Oil Recovery','CUTTING_FLUID',12,'fiber:60% ',1,'Coolant Oil Recovery','FINISHED',2,'INTERNAL','202 Precision Road'),(43,2,'2024-04-12','2024-04-24','Plastic Scraps Handling','PLASTIC',82,'Polystyrene:70% ',1,'Plastic Scraps Handling','FINISHED',2,'INTERNAL','202 Precision Road'),(44,2,'2024-04-15','2024-04-25','Hazardous Paint Removal','WASTE_PAINT',30,'paint:75% ',1,'Hazardous Paint Removal','FINISHED',2,'INTERNAL','202 Precision Road'),(45,2,'2024-04-04','2024-04-25','Copper Filings Management','METAL_CHIPS',82,'chips:68% ',1,'Copper Filings Management','FINISHED',2,'INTERNAL','202 Precision Road'),(46,2,'2024-04-06','2024-04-23','Composite Material Recycling','COMPOSITE_MATERIAL_CUTTING_WASTE',28,'Tailings:95% ',1,'Composite Material Recycling','FINISHED',2,'INTERNAL','202 Precision Road'),(47,2,'2024-04-19','2024-04-24','Engine Oil Recycling','CUTTING_FLUID',16,'fiber:60% ',1,'Engine Oil Recycling','FINISHED',2,'INTERNAL','202 Precision Road'),(48,2,'2024-04-16','2024-04-26','Biodegradable Plastic Sorting','PLASTIC',77,'Polystyrene:70% ',1,'Biodegradable Plastic Sorting','FINISHED',2,'INTERNAL','202 Precision Road'),(49,2,'2024-04-13','2024-04-25','Ecological Paint Handling','WASTE_PAINT',26,'paint:75% ',1,'Ecological Paint Handling','FINISHED',2,'INTERNAL','202 Precision Road'),(50,2,'2024-04-19','2024-04-27','Zinc Chips Sorting','METAL_CHIPS',83,'chips:68% ',1,'Zinc Chips Sorting','FINISHED',2,'INTERNAL','202 Precision Road'),(51,1,'2024-04-19','2024-04-27','Heavy Metal Sludge Management','HEAVY_METAL_WASTEWATER',521,'ZnCl2:8% ',1,'Heavy Metal Sludge Management','FINISHED',1,'INTERNAL','101 Steel Avenue'),(52,1,'2024-04-19','2024-04-28','Industrial Smoke Cleanup','EXHAUST_GAS',25,'NOx:12% ',1,'Industrial Smoke Cleanup','FINISHED',1,'INTERNAL','101 Steel Avenue'),(53,1,'2024-04-19','2024-04-29','Ore Tailings Treatment','MINERAL_RESIDUE',55,'dust:90% ',1.8,'Ore Tailings Treatment','FINISHED',1,'INTERNAL','101 Steel Avenue'),(54,1,'2023-04-20','2024-04-26','Acidic Water Neutralization','HEAVY_METAL_WASTEWATER',510,'H2SO4:5% ',1,'Acidic Water Neutralization','FINISHED',1,'INTERNAL','101 Steel Avenue'),(55,1,'2024-04-11','2024-04-26','Vehicular Emissions Control','EXHAUST_GAS',23,'CO:15% ',1,'Vehicular Emissions Control','FINISHED',1,'INTERNAL','101 Steel Avenue'),(56,1,'2024-04-13','2024-04-28',' Sand Waste Processing','MINERAL_RESIDUE',655,'residue:88% ',1,'Sand Waste Processing','FINISHED',1,'INTERNAL','101 Steel Avenue'),(58,1,'2024-04-14','2024-04-24','Furnace Gas Treatment','EXHAUST_GAS',22,'HCl:9% ',1,'Furnace Gas Treatment','FINISHED',1,'INTERNAL','101 Steel Avenue'),(59,1,'2024-04-17','2024-04-29','Clay Residue Handling','MINERAL_RESIDUE',58,'Clay:93% ',1,'Clay Residue Handling','FINISHED',1,'INTERNAL','101 Steel Avenue'),(60,1,'2024-04-19','2024-04-26','Lead Contaminated Water Cleanup','HEAVY_METAL_WASTEWATER',505,'Pb(NO3)2:6% ',1,'Lead Contaminated Water Cleanup','FINISHED',1,'INTERNAL','101 Steel Avenue'),(61,1,'2024-05-15','2024-05-22','Heavy metal Cd disposal','HEAVY_METAL_WASTEWATER',113,'Cd:42% ',1,'Nice cost for getting adhaidhwa              ','FINISHED',1,'INTERNAL','101 Steel Avenue'),(62,1,'2024-05-18','2024-05-22','Treatment for Cd','HEAVY_METAL_WASTEWATER',1688,'Cd:20% ',1,'To clear or reload various                ','FINISHED',1,'INTERNAL','101 Steel Avenue'),(63,1,'2024-05-15','2024-05-22','Treatment for  Hg','HEAVY_METAL_WASTEWATER',317,'HgNo3:80% Mg:20% ',1,'I will greet this day with                ','FINISHED',1,'INTERNAL','101 Steel Avenue'),(64,1,'2024-05-18','2024-05-22','Note for quite dict','HEAVY_METAL_WASTEWATER',698,'HgO:34% ',1,'The reason why a great                    ','FINISHED',1,'INTERNAL','101 Steel Avenue'),(65,1,'2024-05-15','2024-05-22','Big cost for the hevay Cr','HEAVY_METAL_WASTEWATER',1733,'Cr:89% ',1,'To clear or reload various                ','FINISHED',1,'INTERNAL','101 Steel Avenue'),(66,1,'2024-05-14','2024-05-22','Cr disposel ','HEAVY_METAL_WASTEWATER',893,'Cr:90% ',1,'The reason why a great                    ','FINISHED',1,'INTERNAL','101 Steel Avenue'),(67,1,'2024-05-13',NULL,'Amount heavy metal','HEAVY_METAL_WASTEWATER',1469,'Pb:30% AgO:40% ',1,'Import Wizard allows you                  ','UNCONFIRMED',1,'INTERNAL','101 Steel Avenue'),(68,1,'2024-05-15','2024-05-22','Some left metal for aaa','HEAVY_METAL_WASTEWATER',585,'Pb:20% ',1,'Such sessions are also                    ','FINISHED',1,'INTERNAL','101 Steel Avenue'),(69,1,'2024-05-14','2024-05-22','C dismission CO2','EXHAUST_GAS',16,'CO2:30% ',1,'                              ','FINISHED',1,'INTERNAL','101 Steel Avenue'),(70,1,'2024-05-11','2024-05-22','NO3_2','EXHAUST_GAS',1566,'NO3:60% ',1,'                              ','FINISHED',1,'INTERNAL','101 Steel Avenue'),(71,1,'2024-05-03','2024-05-22','NOx','EXHAUST_GAS',398,'NO:10% NO2:13% ',1,'                              ','FINISHED',1,'INTERNAL','101 Steel Avenue'),(72,1,'2024-04-30','2024-05-22','1SO2','EXHAUST_GAS',132,'SO2:20% ',1,'                              ','FINISHED',1,'INTERNAL','101 Steel Avenue'),(73,1,'2024-05-20',NULL,'3SO2','EXHAUST_GAS',1380,'SO2:10% ',1,'                              ','UNCONFIRMED',1,'INTERNAL','101 Steel Avenue'),(74,1,'2024-05-03','2024-05-22','PM10aaa','EXHAUST_GAS',810,'PM10:20% ',1,'                              ','FINISHED',1,'INTERNAL','101 Steel Avenue'),(75,1,'2024-04-29','2024-05-22','PM10_adw','EXHAUST_GAS',1105,'PM10:30% ',1,'                              ','FINISHED',1,'INTERNAL','101 Steel Avenue'),(76,1,'2024-05-17','2024-05-22','PM10_fesd','EXHAUST_GAS',260,'PM10:40% ',1,'                              ','FINISHED',1,'INTERNAL','101 Steel Avenue'),(77,1,'2024-05-13','2024-05-22','Benzene20','EXHAUST_GAS',1656,'Benzene:20% ',1,'                              ','FINISHED',1,'INTERNAL','101 Steel Avenue'),(78,1,'2024-05-04','2024-05-13',' Benzene30','EXHAUST_GAS',1990,'Benzene:30% Chlorinated:10% ',1,'','PROCESSING',1,'INTERNAL','101 Steel Avenue'),(79,1,'2024-05-16','2024-05-22','Pb:adaw','MINERAL_RESIDUE',1485,'Pb:20% Hg:20% ',1,'All the Navicat Cloud objects             ','FINISHED',1,'INTERNAL','101 Steel Avenue'),(80,1,'2024-05-14','2024-05-22','Pb_goodehif','MINERAL_RESIDUE',1109,'Cd:20% Pb:30% ',1,'It wasn’t raining when                  ','FINISHED',1,'INTERNAL','101 Steel Avenue'),(81,1,'2024-05-15','2024-05-22','Cadmium_afvdw','MINERAL_RESIDUE',552,'Cd:40% ',1,'It is used while your ISPs                ','FINISHED',1,'INTERNAL','101 Steel Avenue'),(82,1,'2024-05-14','2024-05-21','Cadmium_sfsfe','MINERAL_RESIDUE',329,'Cd:30% ',1,'All the Navicat Cloud objects             ','PROCESSING',1,'INTERNAL','101 Steel Avenue'),(83,1,'2024-05-14','2024-05-22','Cadmium_sfefs','MINERAL_RESIDUE',568,'Cd:10% ',1,'You cannot save people,                   ','FINISHED',1,'INTERNAL','101 Steel Avenue'),(84,1,'2024-05-13',NULL,'Cadmium_sfsefs1','MINERAL_RESIDUE',779,'Cd:20% ',1,'Navicat Monitor is a safe,                ','UNCONFIRMED',1,'INTERNAL','101 Steel Avenue'),(85,1,'2024-05-19','2024-05-26','Cadmium_sfefs','MINERAL_RESIDUE',400,'Cd:70% ',1,'After logged in the Navicat               ','PROCESSING',1,'INTERNAL','101 Steel Avenue'),(86,1,'2024-05-15','2024-05-22','Cadmium_fsfes','MINERAL_RESIDUE',451,'Cd:30% Hg:20% ',1,'A comfort zone is a beautiful             ','FINISHED',1,'INTERNAL','101 Steel Avenue'),(87,1,'2024-05-19','2024-05-22','Cadmiume_asfesfs','MINERAL_RESIDUE',799,'Cd:70% ',1,'SQL Editor allows you to                  ','FINISHED',1,'INTERNAL','101 Steel Avenue'),(88,1,'2024-05-13',NULL,'Coppers_dfsf','MINERAL_RESIDUE',902,'CuSO4:30% ',1,'To open a query using an                  ','UNCONFIRMED',1,'INTERNAL','101 Steel Avenue'),(89,1,'2024-05-15','2024-05-22','Copper_dfsfes','MINERAL_RESIDUE',363,'Cd:20% ',1,'The Synchronize to Database               ','FINISHED',1,'INTERNAL','101 Steel Avenue'),(90,2,'2024-05-11',NULL,'Oil-based contaminants uiawdh','CUTTING_FLUID',170,'CuSO4:30% ',1,'   ','CONFIRM',2,'INTERNAL','202 Precision Road'),(91,2,'2024-05-13','2024-05-22','oil_adjw','CUTTING_FLUID',590,'CuSO4:30% ',1,'   ','FINISHED',2,'INTERNAL','202 Precision Road'),(92,2,'2024-05-11',NULL,'oil_fhf','CUTTING_FLUID',249,'CuSO4:30% ',1,'   ','UNCONFIRMED',2,'INTERNAL','202 Precision Road'),(93,2,'2024-05-01',NULL,'oil_iuahd','CUTTING_FLUID',1906,'CuSO4:30% ',1,'   ','UNCONFIRMED',2,'INTERNAL','202 Precision Road'),(94,2,'2024-05-19','2024-05-22','oil_daiud','CUTTING_FLUID',1817,'CuSO4:30% ',1,'   ','FINISHED',2,'INTERNAL','202 Precision Road'),(95,2,'2024-05-16',NULL,'oil_dawh','CUTTING_FLUID',1919,'CuSO4:30% ',1,'   ','UNCONFIRMED',2,'INTERNAL','202 Precision Road'),(96,2,'2024-05-15','2024-05-22','Phenol1','CUTTING_FLUID',1550,'Phenol:10% ',1,'   ','FINISHED',2,'INTERNAL','202 Precision Road'),(97,2,'2024-05-07','2024-05-22','Phenol2','CUTTING_FLUID',490,'Phenol:20% ',1,'   ','FINISHED',2,'INTERNAL','202 Precision Road'),(98,2,'2024-05-13','2024-05-22','Chlorinatd_aiudh','CUTTING_FLUID',1037,'CuSO4:30% ',1,'   ','PROCESSING',2,'INTERNAL','202 Precision Road'),(99,2,'2024-05-20',NULL,'Copper_adduw','METAL_CHIPS',1992,'Cu:20% Cr:20% ',1,'   ','CONFIRM',2,'INTERNAL','202 Precision Road'),(100,2,'2024-05-08','2024-05-27','Copper23','METAL_CHIPS',652,'Cu:23% ',1,'   ','PROCESSING',2,'INTERNAL','202 Precision Road'),(101,2,'2024-05-03','2024-05-22','Copper43','METAL_CHIPS',324,'Cu:42% ',1,'   ','FINISHED',2,'INTERNAL','202 Precision Road'),(102,2,'2024-05-12','2024-05-22','Coppersdsd','METAL_CHIPS',1652,'Cu:20% SO3:20% ',1,'   ','FINISHED',2,'INTERNAL','202 Precision Road'),(103,2,'2024-04-30','2024-05-22','Copperdawdawd','METAL_CHIPS',1451,'Cu:30% ',1,'   ','FINISHED',2,'INTERNAL','202 Precision Road'),(104,2,'2024-05-05',NULL,'Copper_fyah','METAL_CHIPS',494,'Cu:40% ',1,'   ','UNCONFIRMED',2,'INTERNAL','202 Precision Road'),(105,2,'2024-05-01','2024-05-22','Chromium1','METAL_CHIPS',1502,'Cr:30% ',1,'   ','FINISHED',2,'INTERNAL','202 Precision Road'),(106,2,'2024-05-09',NULL,'Chromiumadada','METAL_CHIPS',1468,'Cr:20% ',1,'   ','UNCONFIRMED',2,'INTERNAL','202 Precision Road'),(107,2,'2024-05-19',NULL,'Chromium23','METAL_CHIPS',429,'Cr:23% Cu:20% ',1,'   ','UNCONFIRMED',2,'INTERNAL','202 Precision Road'),(108,2,'2024-05-19',NULL,'Lead_wfe','METAL_CHIPS',371,'Pb:40% ',1,'   ','UNCONFIRMED',2,'INTERNAL','202 Precision Road'),(109,2,'2024-05-04',NULL,'Leaddauwh','METAL_CHIPS',454,'Pb:30% Cu:40% ',1,'   ','UNCONFIRMED',2,'INTERNAL','202 Precision Road'),(110,2,'2024-05-12','2024-05-22','Plastics_sfsesf','PLASTIC',1902,'Plastics:100% ',1,'   ','FINISHED',2,'INTERNAL','202 Precision Road'),(111,2,'2024-05-10',NULL,'2vdsvPlastics','PLASTIC',1207,'Plastics:100% ',1,'   ','UNCONFIRMED',2,'INTERNAL','202 Precision Road'),(112,2,'2024-05-18','2024-05-22','Plastics_dfsfs','PLASTIC',173,'Plastics:100% ',1,'   ','FINISHED',2,'INTERNAL','202 Precision Road'),(113,2,'2024-05-15','2024-05-22','Plastics_adsdem','PLASTIC',1586,'Plastics:100% ',1,'   ','FINISHED',2,'INTERNAL','202 Precision Road'),(114,2,'2024-05-14','2024-05-22','Plasticss_adaw2','PLASTIC',428,'Plastics:100% ',1,'   ','FINISHED',2,'INTERNAL','202 Precision Road'),(115,2,'2024-05-20',NULL,'Plasticss_adaw','PLASTIC',915,'Plastics:100% ',1,'   ','UNCONFIRMED',2,'INTERNAL','202 Precision Road'),(116,2,'2024-05-05','2024-05-15','Plastics_awdafdbdfbd','PLASTIC',1887,'Plastics:100% ',1,'   ','PROCESSING',2,'INTERNAL','202 Precision Road'),(117,2,'2024-05-07','2024-05-11','Plastics_adwadawdwa','PLASTIC',559,'Plastics:100% ',1,'   ','PROCESSING',2,'INTERNAL','202 Precision Road'),(118,2,'2024-05-17',NULL,'Plastics_sadwdawda','PLASTIC',1524,'Plastics:100% ',1,'   ','UNCONFIRMED',2,'INTERNAL','202 Precision Road'),(119,2,'2024-05-10',NULL,'Plastics_aadawda','PLASTIC',1562,'Plastics:100% ',1,'   ','UNCONFIRMED',2,'INTERNAL','202 Precision Road'),(120,2,'2024-05-07','2024-05-22','Composite Cuttings_fse','COMPOSITE_MATERIAL_CUTTING_WASTE',173,'Plastics:28% Cu:30% ',1,'   ','FINISHED',2,'INTERNAL','202 Precision Road'),(121,2,'2024-05-06','2024-05-22','Composite Cutting_gowadaa','COMPOSITE_MATERIAL_CUTTING_WASTE',636,'Plastics:20% CU:20% ',1,'   ','FINISHED',2,'INTERNAL','202 Precision Road'),(122,2,'2024-05-08','2024-05-22','Composite Cutting_wbuawdaw','COMPOSITE_MATERIAL_CUTTING_WASTE',221,'Cr:40% Plastics:30% ',1,'   ','FINISHED',2,'INTERNAL','202 Precision Road'),(123,2,'2024-05-07','2024-05-21','Composite Cutting_wueawdwa','COMPOSITE_MATERIAL_CUTTING_WASTE',977,'Cr:30% Plastics:40% ',1,'   ','PROCESSING',2,'INTERNAL','202 Precision Road'),(124,2,'2024-05-08','2024-05-22','Composite Cutting_vvfda','COMPOSITE_MATERIAL_CUTTING_WASTE',925,'CuO:30% Plastics:40% ',1,'   ','PROCESSING',2,'INTERNAL','202 Precision Road'),(125,2,'2024-05-20','2024-06-03','Composite Cutting_dfafa','COMPOSITE_MATERIAL_CUTTING_WASTE',621,'Cr:20% ',1,'   ','PROCESSING',2,'INTERNAL','202 Precision Road'),(126,2,'2024-05-15',NULL,'Composite Cutting_afafaw','COMPOSITE_MATERIAL_CUTTING_WASTE',92,'Cr:20% Hg:22% ',1,'   ','CONFIRM',2,'INTERNAL','202 Precision Road'),(127,2,'2024-05-11','2024-05-25','Composite Cuttingafefa','COMPOSITE_MATERIAL_CUTTING_WASTE',768,'Plastics:20% Cr:30% ',1,'   ','PROCESSING',2,'INTERNAL','202 Precision Road'),(128,2,'2024-04-30',NULL,'Composite Cutting1','COMPOSITE_MATERIAL_CUTTING_WASTE',1454,'Plastics:40% Cd:20% ',1,'   ','CONFIRM',2,'INTERNAL','202 Precision Road'),(129,2,'2024-05-03',NULL,'Composite Cutting3','COMPOSITE_MATERIAL_CUTTING_WASTE',1858,'Plastics:20% Cr:30% ',1,'   ','CONFIRM',2,'INTERNAL','202 Precision Road'),(130,2,'2024-05-13','2024-05-27','Composite Cutting2','COMPOSITE_MATERIAL_CUTTING_WASTE',284,'Plastics:40% Cd:20% ',1,'   ','PROCESSING',2,'INTERNAL','202 Precision Road'),(131,2,'2024-05-18',NULL,'Leadadawd','WASTE_PAINT',449,'Pb:30% ',1,'   ','UNCONFIRMED',2,'INTERNAL','202 Precision Road'),(132,2,'2024-05-14','2024-05-25','2Lead','WASTE_PAINT',69,'Pb:20% ',1,'   ','PROCESSING',2,'INTERNAL','202 Precision Road'),(133,2,'2024-05-14','2024-05-25','2Leaddsf','WASTE_PAINT',1497,'Pb:30% ',1,'   ','PROCESSING',2,'INTERNAL','202 Precision Road'),(134,2,'2024-05-05',NULL,'Leadsdawd','WASTE_PAINT',1822,'Pb:29% ',1,'   ','UNCONFIRMED',2,'INTERNAL','202 Precision Road'),(135,2,'2024-05-11','2024-05-22','Benzenesadawd','WASTE_PAINT',187,'Benzene:40% ',1,'   ','PROCESSING',2,'INTERNAL','202 Precision Road'),(136,2,'2024-05-11','2024-05-22','Benzenesads','WASTE_PAINT',1323,'Benzene:20% ',1,'   ','FINISHED',2,'INTERNAL','202 Precision Road'),(137,2,'2024-05-07','2024-05-18','Benzene32','WASTE_PAINT',183,'Benzene:30% ',1,'   ','PROCESSING',2,'INTERNAL','202 Precision Road'),(138,2,'2024-05-02','2024-05-22','2Benzenead','WASTE_PAINT',1780,'Benzene:32% ',1,'   ','FINISHED',2,'INTERNAL','202 Precision Road'),(139,2,'2024-05-17','2024-05-28','Benzeneadawdaf','WASTE_PAINT',19,'Benzene:45% ',1,'   ','PROCESSING',2,'INTERNAL','202 Precision Road'),(140,2,'2024-05-15','2024-05-26','2sfBenzene','WASTE_PAINT',122,'Benzene:30% ',1,'   ','PROCESSING',2,'INTERNAL','202 Precision Road'),(141,2,'2024-05-13','2024-05-24','2Phenoldwawa','WASTE_PAINT',65,'Phenol:24% ',1,'   ','PROCESSING',2,'INTERNAL','202 Precision Road'),(142,3,'2024-05-13','2024-05-22','PM10_nsibc','DUST',15,'PM10:32% ',1,'          ','FINISHED',3,'INTERNAL','303 Composite Loop'),(143,3,'2024-05-15','2024-05-24','PM10_cbeui','DUST',244,'PM10:29% ',1,'          ','PROCESSING',3,'INTERNAL','303 Composite Loop'),(144,3,'2024-05-03','2024-05-22','3afwwfaPM10','DUST',1009,'PM10:28% ',1,'          ','FINISHED',3,'INTERNAL','303 Composite Loop'),(145,3,'2024-05-06',NULL,'3afbrsPM10','DUST',1107,'PM10:20% ',1,'          ','CONFIRM',3,'INTERNAL','303 Composite Loop'),(146,3,'2024-05-11',NULL,'HUInne_Pb2','DUST',433,'PM10:14% PbNO3:2% ',1,'          ','UNCONFIRMED',3,'INTERNAL','303 Composite Loop'),(147,3,'2024-05-06','2024-05-22','PM2sccz5','DUST',1206,'PM2.5:70% ',1,'          ','FINISHED',3,'INTERNAL','303 Composite Loop'),(148,3,'2024-05-12','2024-05-31','3PM25','DUST',1054,'PM2.5:74% ',1,'          ','PROCESSING',3,'INTERNAL','303 Composite Loop'),(149,3,'2024-05-02',NULL,'3PM25_sc','DUST',1152,'PM2.5:67% ',1,'          ','UNCONFIRMED',3,'INTERNAL','303 Composite Loop'),(150,3,'2024-05-13','2024-05-22','SO2adiuhwa','DUST',863,'SO2:29% ',1,'          ','FINISHED',3,'INTERNAL','303 Composite Loop'),(151,3,'2024-05-12','2024-06-05','Sulfate','CHEMICALS',513,'CuSO4:30% ',1,'          ','PROCESSING',3,'INTERNAL','303 Composite Loop'),(152,3,'2024-04-29','2024-05-22','Sulfateefe1','CHEMICALS',1009,'Pb2SO4:40% ',1,'          ','FINISHED',3,'INTERNAL','303 Composite Loop'),(153,3,'2024-05-13','2024-05-22','adaSulfate','CHEMICALS',817,'CrSO4:40% ',1,'          ','FINISHED',3,'INTERNAL','303 Composite Loop'),(154,3,'2024-05-15','2024-06-08','Sulfatesadav3','CHEMICALS',77,'CuSO4:30% ',1,'          ','PROCESSING',3,'INTERNAL','303 Composite Loop'),(155,3,'2024-04-29','2024-05-23','Sulfateewrw29','CHEMICALS',405,'PbSO4:40% ',1,'          ','PROCESSING',3,'INTERNAL','303 Composite Loop'),(156,3,'2024-04-28','2024-05-22','Sulfatesadaawaz3','CHEMICALS',383,'CuSO4:20% ',1,'          ','FINISHED',3,'INTERNAL','303 Composite Loop'),(157,3,'2024-05-18',NULL,'Ammonium_adwa','CHEMICALS',1330,'NH4Cl:40% ',1,'          ','UNCONFIRMED',3,'INTERNAL','303 Composite Loop'),(158,3,'2024-05-01',NULL,'Ammonium_dbbsda','CHEMICALS',1099,'NH4NO3:20% ',1,'          ','CONFIRM',3,'INTERNAL','303 Composite Loop'),(159,3,'2024-05-04','2024-05-22','gsAmmonium','CHEMICALS',1403,'NH4NO3:40% ',1,'          ','FINISHED',3,'INTERNAL','303 Composite Loop'),(160,3,'2024-05-06','2024-05-22','Ammonium_sda4','CHEMICALS',1721,'NH4Cl:20% ',1,'          ','FINISHED',3,'INTERNAL','303 Composite Loop'),(162,3,'2024-05-15','2024-05-22','Ammonium_nnetadax','CATALYZER',1969,'NH4PO4:50% ',1,'          ','PROCESSING',3,'INTERNAL','303 Composite Loop'),(163,3,'2024-05-15','2024-05-22','Ammoniumsd3','CATALYZER',553,'NH4SO4:40% ',1,'          ','FINISHED',3,'INTERNAL','303 Composite Loop'),(164,3,'2024-05-15','2024-05-22','Metaasa','CATALYZER',1020,'Pt:20% ',1,'          ','FINISHED',3,'INTERNAL','303 Composite Loop'),(165,3,'2024-05-03',NULL,'3Metaadcz','CATALYZER',774,'Rh:40% ',1,'          ','UNCONFIRMED',3,'INTERNAL','303 Composite Loop'),(166,3,'2024-04-27','2024-05-04','Metasadaw','CATALYZER',974,'Pt:30% ',1,'          ','PROCESSING',3,'INTERNAL','303 Composite Loop'),(167,3,'2024-04-27',NULL,'Metaadw','CATALYZER',1514,'Pt:20% ',1,'          ','CONFIRM',3,'INTERNAL','303 Composite Loop'),(168,3,'2024-05-12',NULL,'Metasda','CATALYZER',559,'FeO:20% ',1,'          ','CONFIRM',3,'INTERNAL','303 Composite Loop'),(169,3,'2024-05-14',NULL,'Copper21','CATALYZER',936,'Cu:21% ',1,'          ','UNCONFIRMED',3,'INTERNAL','303 Composite Loop'),(170,3,'2024-05-16',NULL,'Copperadi','CATALYZER',1497,'Cu:30% ',1,'          ','CONFIRM',3,'INTERNAL','303 Composite Loop'),(171,4,'2024-05-01',NULL,'Nitric Oxide_awgter','CHEMICAL_PROPELLANTS',428,'NO:20% ',1,'      ','UNCONFIRMED',4,'INTERNAL','404 Sustainable Way'),(172,4,'2024-05-03','2024-05-21','Nitric Oxide_qwq','CHEMICAL_PROPELLANTS',975,'NO:30% ',1,'      ','PROCESSING',4,'INTERNAL','404 Sustainable Way'),(173,4,'2024-05-17','2024-06-04','Nitrogen Dioxide2','CHEMICAL_PROPELLANTS',1139,'NO2:20% ',1,'      ','PROCESSING',4,'INTERNAL','404 Sustainable Way'),(174,4,'2024-05-01',NULL,'Nitrogen Dioxide_ytadaw','CHEMICAL_PROPELLANTS',1659,'NO2:46% ',1,'      ','UNCONFIRMED',4,'INTERNAL','404 Sustainable Way'),(175,4,'2024-05-10',NULL,'Benzene_sa','CHEMICAL_PROPELLANTS',342,'Benzene:40% ',1,'      ','CONFIRM',4,'INTERNAL','404 Sustainable Way'),(176,4,'2024-05-02',NULL,'Benzene_DEHIie','CHEMICAL_PROPELLANTS',1960,'Benzene:20% ',1,'      ','CONFIRM',4,'INTERNAL','404 Sustainable Way'),(177,4,'2024-05-05','2024-05-23','Chlorinated_dadc','CHEMICAL_PROPELLANTS',108,'Benzene:40% ',1,'      ','PROCESSING',4,'INTERNAL','404 Sustainable Way'),(178,4,'2024-05-04','2024-05-22','Chlorinated_aad','CHEMICAL_PROPELLANTS',1521,'Benzene:20% ',1,'      ','FINISHED',4,'INTERNAL','404 Sustainable Way'),(179,4,'2024-05-05',NULL,'Sulfur Dioxide_ieojb','FUEL_RESIDUES',1495,'SO2:30% ',1,'      ','UNCONFIRMED',4,'INTERNAL','404 Sustainable Way'),(180,4,'2024-05-12','2024-05-22','Sulfur Dioxide_dejoa','FUEL_RESIDUES',432,'SO2:20% ',1,'      ','FINISHED',4,'INTERNAL','404 Sustainable Way'),(181,4,'2024-05-11','2024-05-22','Sulfur Dioxide_nei6ad','FUEL_RESIDUES',1769,'SO2:20% ',1,'      ','FINISHED',4,'INTERNAL','404 Sustainable Way'),(182,4,'2024-05-08','2024-05-22','Sulfur Dioxide_euin7dn','FUEL_RESIDUES',925,'SO2:40% ',1,'      ','FINISHED',4,'INTERNAL','404 Sustainable Way'),(183,4,'2024-05-05','2024-05-16','Sulfur Dioxide_dbie652','FUEL_RESIDUES',1732,'SO2:60% ',1,'      ','PROCESSING',4,'INTERNAL','404 Sustainable Way'),(184,4,'2024-05-05','2024-05-16','Phenol242','FUEL_RESIDUES',1411,'Phenol:60% ',1,'      ','PROCESSING',4,'INTERNAL','404 Sustainable Way'),(185,4,'2024-05-20',NULL,'Phenol1134','FUEL_RESIDUES',1606,'Phenol:20% ',1,'      ','UNCONFIRMED',4,'INTERNAL','404 Sustainable Way'),(186,4,'2024-05-20',NULL,'Phenol978','FUEL_RESIDUES',978,'Phenol:96% ',1,'      ','UNCONFIRMED',4,'INTERNAL','404 Sustainable Way'),(187,4,'2024-05-15',NULL,'Benzene2341','FUEL_RESIDUES',148,'Benzene:20% ',1,'      ','UNCONFIRMED',4,'INTERNAL','404 Sustainable Way'),(188,5,'2024-05-15',NULL,'Cadmium_Acds','DISCARDED_ELECTRONIC_COMPONENTS',1923,'Cd:30% ',1,'     ','UNCONFIRMED',5,'INTERNAL','505 Automation Alley'),(189,5,'2024-05-11','2024-05-22','Cadmium_wcwasda','DISCARDED_ELECTRONIC_COMPONENTS',1842,'Cd:30% ',1,'     ','FINISHED',5,'INTERNAL','505 Automation Alley'),(190,5,'2024-05-19',NULL,'Cadmiume4','DISCARDED_ELECTRONIC_COMPONENTS',1047,'Cd:30% ',1,'     ','UNCONFIRMED',5,'INTERNAL','505 Automation Alley'),(191,5,'2024-05-07','2024-05-22','5Cadmiumafr3','DISCARDED_ELECTRONIC_COMPONENTS',543,'Cd:30% ',1,'     ','FINISHED',5,'INTERNAL','505 Automation Alley'),(192,5,'2024-05-15','2024-05-23','5Cadmiumszcsz','DISCARDED_ELECTRONIC_COMPONENTS',202,'Cd:30% ',1,'     ','PROCESSING',5,'INTERNAL','505 Automation Alley'),(193,5,'2024-05-14','2024-05-22','Cadmiumfsf','DISCARDED_ELECTRONIC_COMPONENTS',1925,'Cd:30% Fe:40% ',1,'     ','FINISHED',5,'INTERNAL','505 Automation Alley'),(194,5,'2024-05-12',NULL,'Mercuryas','DISCARDED_ELECTRONIC_COMPONENTS',777,'Hg:30% ',1,'     ','UNCONFIRMED',5,'INTERNAL','505 Automation Alley'),(195,5,'2024-05-09',NULL,'Mercurysada','DISCARDED_ELECTRONIC_COMPONENTS',588,'Hg:40% ',1,'     ','CONFIRM',5,'INTERNAL','505 Automation Alley'),(196,5,'2024-05-13',NULL,'adaMercury','DISCARDED_ELECTRONIC_COMPONENTS',696,'Hg:30% ',1,'     ','UNCONFIRMED',5,'INTERNAL','505 Automation Alley'),(197,5,'2024-05-18',NULL,'Mercuryhrt4','DISCARDED_ELECTRONIC_COMPONENTS',1655,'Hg:21% ',1,'     ','UNCONFIRMED',5,'INTERNAL','505 Automation Alley'),(198,5,'2024-05-09',NULL,'Mercuryaeegr7','DISCARDED_ELECTRONIC_COMPONENTS',1821,'Hg:30% ',1,'     ','UNCONFIRMED',5,'INTERNAL','505 Automation Alley'),(199,5,'2024-05-18',NULL,'Mercurysad3','DISCARDED_ELECTRONIC_COMPONENTS',1151,'Hg:30% ',1,'     ','UNCONFIRMED',5,'INTERNAL','505 Automation Alley'),(200,5,'2024-05-11',NULL,'Mercurywe32','DISCARDED_ELECTRONIC_COMPONENTS',1197,'Hg:32% ',1,'     ','UNCONFIRMED',5,'INTERNAL','505 Automation Alley'),(201,5,'2024-05-09',NULL,'Mercuryrfw234r','DISCARDED_ELECTRONIC_COMPONENTS',1263,'Hg:30% ',1,'     ','UNCONFIRMED',5,'INTERNAL','505 Automation Alley'),(202,5,'2024-05-12',NULL,'Mercurysaad3','DISCARDED_ELECTRONIC_COMPONENTS',1947,'Hg:30% ',1,'     ','UNCONFIRMED',5,'INTERNAL','505 Automation Alley'),(203,5,'2024-05-11',NULL,'Leadad','DISCARDED_ELECTRONIC_COMPONENTS',1976,'Pb:20% ',1,'     ','UNCONFIRMED',5,'INTERNAL','505 Automation Alley'),(204,5,'2024-05-12','2024-05-20','LeadOmwndwncaad','DISCARDED_ELECTRONIC_COMPONENTS',254,'Pb:40% ',1,'     ','PROCESSING',5,'INTERNAL','505 Automation Alley'),(205,5,'2024-05-17',NULL,'Chromium_wd2ihvah','DISCARDED_ELECTRONIC_COMPONENTS',687,'Cr:20% ',1,'     ','UNCONFIRMED',5,'INTERNAL','505 Automation Alley'),(206,5,'2024-05-09',NULL,'Chromium_ebu2ada','DISCARDED_ELECTRONIC_COMPONENTS',1862,'Cr:40% ',1,'     ','UNCONFIRMED',5,'INTERNAL','505 Automation Alley'),(207,5,'2024-05-09',NULL,'Copper_gfcuie7bok','DISCARDED_ELECTRONIC_COMPONENTS',1286,'Cu:19% ',1,'     ','UNCONFIRMED',5,'INTERNAL','505 Automation Alley'),(208,5,'2024-05-13',NULL,'Chromium_awk','DISCARDED_ELECTRONIC_COMPONENTS',1285,'Cr:20% ',1,'     ','UNCONFIRMED',5,'INTERNAL','505 Automation Alley'),(209,5,'2024-05-08',NULL,'Chromiumavs','DISCARDED_ELECTRONIC_COMPONENTS',79,'Cr:30% ',1,'     ','UNCONFIRMED',5,'INTERNAL','505 Automation Alley'),(210,6,'2024-05-15','2024-05-19','Chlorinatedvafa','HYDRAULIC_OIL',1030,'compounds:100% ',1,'     ','PROCESSING',6,'INTERNAL','606 Maintenance Drive'),(211,6,'2024-05-14',NULL,'Chlorinatedaf','HYDRAULIC_OIL',1854,'compounds:100% ',1,'     ','UNCONFIRMED',6,'INTERNAL','606 Maintenance Drive'),(212,6,'2024-05-18','2024-05-22','Chlorinatedadwad','HYDRAULIC_OIL',263,'compounds:100% ',1,'     ','FINISHED',6,'INTERNAL','606 Maintenance Drive'),(213,6,'2024-05-14',NULL,'Chlorinatedw2fwe','HYDRAULIC_OIL',1544,'compounds:100% ',1,'     ','CONFIRM',6,'INTERNAL','606 Maintenance Drive'),(214,6,'2024-05-15',NULL,'Chlorinated27','HYDRAULIC_OIL',809,'compounds:100% ',1,'     ','CONFIRM',6,'INTERNAL','606 Maintenance Drive'),(215,6,'2024-05-16',NULL,'Lubricant-dt','HYDRAULIC_OIL',654,'contaminants:100% ',1,'     ','UNCONFIRMED',6,'INTERNAL','606 Maintenance Drive'),(216,6,'2024-05-19','2024-05-22','Lubricant-basedad','HYDRAULIC_OIL',52,'contaminants:100% ',1,'     ','FINISHED',6,'INTERNAL','606 Maintenance Drive'),(217,6,'2024-05-11','2024-05-15','Lubricant-basedaw2','HYDRAULIC_OIL',407,'contaminants:100% ',1,'     ','PROCESSING',6,'INTERNAL','606 Maintenance Drive'),(218,6,'2024-05-08',NULL,'Lubricant-basedbt552','HYDRAULIC_OIL',933,'contaminants:100% ',1,'     ','UNCONFIRMED',6,'INTERNAL','606 Maintenance Drive'),(219,6,'2024-05-10',NULL,'Lubricant-basedwq3','HYDRAULIC_OIL',1832,'contaminants:100% ',1,'     ','UNCONFIRMED',6,'INTERNAL','606 Maintenance Drive'),(220,6,'2024-05-20',NULL,'Lubricant-based1','HYDRAULIC_OIL',342,'contaminants:100% ',1,'     ','UNCONFIRMED',6,'INTERNAL','606 Maintenance Drive'),(221,6,'2024-05-11','2024-05-25','Chlorinatedafaw2','LUBRICANT_WASTE',705,'contaminants:100% ',1,'     ','PROCESSING',6,'INTERNAL','606 Maintenance Drive'),(222,6,'2024-05-15','2024-05-29','Chlorinatedafaw45','LUBRICANT_WASTE',1590,'contaminants:100% ',1,'     ','PROCESSING',6,'INTERNAL','606 Maintenance Drive'),(223,6,'2024-05-11',NULL,'Chlorinatedafaw242','LUBRICANT_WASTE',195,'compounds:100% ',1,'     ','UNCONFIRMED',6,'INTERNAL','606 Maintenance Drive'),(224,6,'2024-05-08','2024-05-22','Chlorinatedafaw213','LUBRICANT_WASTE',633,'compounds:100% ',1,'     ','FINISHED',6,'INTERNAL','606 Maintenance Drive'),(225,6,'2024-05-10',NULL,'Chlorinatedafaw2131','LUBRICANT_WASTE',608,'compounds:100% ',1,'     ','CONFIRM',6,'INTERNAL','606 Maintenance Drive'),(226,6,'2024-05-12',NULL,'Lubricant42','LUBRICANT_WASTE',84,'contaminants:100% ',1,'     ','CONFIRM',6,'INTERNAL','606 Maintenance Drive'),(227,6,'2024-05-12',NULL,'Lubricant','LUBRICANT_WASTE',856,'contaminants:100% ',1,'     ','UNCONFIRMED',6,'INTERNAL','606 Maintenance Drive'),(228,7,'2024-04-30','2024-05-22','Ammonium_dnncku','HAZARDOUS_CHEMICALS',688,'NH4Cl:47% ',1,'       ','FINISHED',7,'INTERNAL','707 Innovation Blvd'),(229,7,'2024-04-30',NULL,'Nitratesa_60','HAZARDOUS_CHEMICALS',423,'NO3:60% ',1,'       ','UNCONFIRMED',7,'INTERNAL','707 Innovation Blvd'),(230,7,'2024-05-19',NULL,'Cadmium_iejf','HAZARDOUS_CHEMICALS',660,'Cd:20% ',1,'       ','UNCONFIRMED',7,'INTERNAL','707 Innovation Blvd'),(231,7,'2024-05-12','2024-05-22','Mercury_dbis','HAZARDOUS_CHEMICALS',1712,'Hg:27% ',1,'       ','FINISHED',7,'INTERNAL','707 Innovation Blvd'),(232,7,'2024-05-11',NULL,'Sulfate_quite','HAZARDOUS_CHEMICALS',823,'SO2:40% ',1,'       ','CONFIRM',7,'INTERNAL','707 Innovation Blvd'),(233,7,'2024-05-05','2024-05-22','Chlorinated_benetfie','HAZARDOUS_CHEMICALS',463,'compounds:100% ',1,'       ','FINISHED',7,'INTERNAL','707 Innovation Blvd'),(234,7,'2024-05-19',NULL,'Benzene_eiuf','HAZARDOUS_CHEMICALS',928,'Benzene:19% ',1,'       ','UNCONFIRMED',7,'INTERNAL','707 Innovation Blvd'),(235,7,'2024-05-15','2024-06-01','Benzene','HAZARDOUS_CHEMICALS',379,'Benzene:100% ',1,'       ','PROCESSING',7,'INTERNAL','707 Innovation Blvd'),(236,7,'2024-05-07',NULL,'Metals','WASTE_EXPERIMENTAL_EQUIPMENT',1806,'Pb:20% Cd:20% Cr:10% Cu:40% ',1,'       ','CONFIRM',7,'INTERNAL','707 Innovation Blvd'),(237,7,'2024-05-02','2024-05-22','Metals','WASTE_EXPERIMENTAL_EQUIPMENT',899,'Pb:23% Cu:20% ',1,'       ','FINISHED',7,'INTERNAL','707 Innovation Blvd'),(238,7,'2024-04-30',NULL,'Metals','WASTE_EXPERIMENTAL_EQUIPMENT',413,'Cd:59% Cu:20% ',1,'       ','UNCONFIRMED',7,'INTERNAL','707 Innovation Blvd'),(239,7,'2024-05-19','2024-06-08','Metals','WASTE_EXPERIMENTAL_EQUIPMENT',1505,'Cd:20% Cr:34% ',1,'       ','PROCESSING',7,'INTERNAL','707 Innovation Blvd'),(240,7,'2024-05-02',NULL,'Metals','WASTE_EXPERIMENTAL_EQUIPMENT',284,'Pb:30% Cd:20% ',1,'       ','UNCONFIRMED',7,'INTERNAL','707 Innovation Blvd'),(241,7,'2024-05-16',NULL,'Metals','WASTE_EXPERIMENTAL_EQUIPMENT',774,'Cd:27% Cr:70% ',1,'       ','UNCONFIRMED',7,'INTERNAL','707 Innovation Blvd'),(242,7,'2024-05-15',NULL,'Metals','WASTE_EXPERIMENTAL_EQUIPMENT',359,'Pb:20% Cd:20% Cr:10% Cu:40% ',1,'       ','UNCONFIRMED',7,'INTERNAL','707 Innovation Blvd'),(243,7,'2024-05-19',NULL,'Hazardous chemical','WASTE_EXPERIMENTAL_EQUIPMENT',1936,'Cd:27% Cr:70% ',1,'       ','UNCONFIRMED',7,'INTERNAL','707 Innovation Blvd'),(244,8,'2024-05-03',NULL,'CO2_wui','WASTE_HEAT',1162,'CO2:30% ',1,'     ','CONFIRM',8,'INTERNAL','808 Data Stream Road'),(245,8,'2024-05-11','2024-05-22','CO2_iwh2','WASTE_HEAT',912,'CO2:40% ',1,'     ','FINISHED',8,'INTERNAL','808 Data Stream Road'),(246,8,'2024-05-15',NULL,'CO2_28d','WASTE_HEAT',1071,'CO2:28% ',1,'     ','UNCONFIRMED',8,'INTERNAL','808 Data Stream Road'),(247,8,'2024-05-11',NULL,'CO2_cuwkm','WASTE_HEAT',367,'CO2:49% ',1,'     ','CONFIRM',8,'INTERNAL','808 Data Stream Road'),(248,8,'2024-05-11','2024-05-22','NOwd_j2','WASTE_HEAT',639,'NOx:70% ',1,'     ','FINISHED',8,'INTERNAL','808 Data Stream Road'),(249,8,'2024-05-04',NULL,'SO2_enm','WASTE_HEAT',469,'SO2:40% ',1,'     ','UNCONFIRMED',8,'INTERNAL','808 Data Stream Road'),(250,8,'2024-05-12',NULL,'NOx_wbdche','WASTE_HEAT',377,'NO:30% ',1,'     ','UNCONFIRMED',8,'INTERNAL','808 Data Stream Road'),(251,8,'2024-05-04','2024-05-15','NOx_dbwi','WASTE_HEAT',433,'COx:30% ',1,'     ','PROCESSING',8,'INTERNAL','808 Data Stream Road'),(252,9,'2024-05-17',NULL,'Paper3d','WASTE_PAPER',1850,'Paper:15% ',1,'   ','UNCONFIRMED',9,'INTERNAL','909 Executive Row'),(253,9,'2024-05-01','2024-05-22','Paper_ejkfn','WASTE_PAPER',474,'Paper:15% ',1,'   ','FINISHED',9,'INTERNAL','909 Executive Row'),(254,9,'2024-05-11',NULL,'Paper_feui','WASTE_PAPER',1878,'Paper:19% ',1,'   ','UNCONFIRMED',9,'INTERNAL','909 Executive Row'),(255,9,'2024-05-07',NULL,'Paper_feh13','WASTE_PAPER',1300,'Paper:13% ',1,'   ','UNCONFIRMED',9,'INTERNAL','909 Executive Row'),(256,9,'2024-05-11',NULL,'Paper_deifh','WASTE_PAPER',1786,'Paper:16% ',1,'   ','UNCONFIRMED',9,'INTERNAL','909 Executive Row'),(257,9,'2024-04-30',NULL,'Paper_1gyud','WASTE_PAPER',240,'Paper:30% ',1,'   ','CONFIRM',9,'INTERNAL','909 Executive Row'),(258,9,'2024-05-01',NULL,'Paper_dbueceui','WASTE_PAPER',1867,'Paper:30% ',1,'   ','UNCONFIRMED',9,'INTERNAL','909 Executive Row'),(259,9,'2024-05-06',NULL,'Paper_ehcs','WASTE_PAPER',501,'Paper:10% ',1,'   ','CONFIRM',9,'INTERNAL','909 Executive Row'),(260,9,'2024-05-15','2024-05-22','Paper_csjken','WASTE_PAPER',188,'Paper:25% ',1,'   ','FINISHED',9,'INTERNAL','909 Executive Row'),(261,9,'2024-05-06',NULL,'Paper_cehb','WASTE_PAPER',1974,'Paper:30% ',1,'   ','CONFIRM',9,'INTERNAL','909 Executive Row'),(262,9,'2024-05-01',NULL,'Plastics_enf','HOUSEHOLD_WASTE',1742,'plastics:20% ',1,'   ','CONFIRM',9,'INTERNAL','909 Executive Row'),(263,9,'2024-05-18',NULL,'Plastics_ediue','HOUSEHOLD_WASTE',488,'plastics:30% ',1,'   ','PROCESSING',9,'INTERNAL','909 Executive Row'),(264,9,'2024-05-20',NULL,'Plastics_eiufhu','HOUSEHOLD_WASTE',1894,'plastics:25% ',1,'   ','UNCONFIRMED',9,'INTERNAL','909 Executive Row'),(265,9,'2024-05-12',NULL,'Papaer_ehfb','HOUSEHOLD_WASTE',1657,'Paper:20% ',1,'This is lo of paper.','CONFIRM',9,'INTERNAL','909 Executive Row'),(266,9,'2024-05-06',NULL,'Paper_iu3ehf','HOUSEHOLD_WASTE',280,'Paper:40% ',1,' dwada','CONFIRM',9,'INTERNAL','909 Executive Row'),(267,9,'2024-05-17',NULL,'Paper_feibf','HOUSEHOLD_WASTE',426,'Paper:30% ',1,'   ','UNCONFIRMED',9,'INTERNAL','909 Executive Row'),(268,9,'2024-05-01',NULL,'Paper_cenui9','HOUSEHOLD_WASTE',417,'Paper:40% ',1,'   ','UNCONFIRMED',9,'INTERNAL','909 Executive Row'),(269,9,'2024-05-05',NULL,'Metal_hjrvb','HOUSEHOLD_WASTE',1650,'Pg:40% ',1,'   ','UNCONFIRMED',9,'INTERNAL','909 Executive Row'),(270,9,'2024-05-11',NULL,'Metal_nceiuh','HOUSEHOLD_WASTE',389,'Cu:30% ',1,'   ','CONFIRM',9,'INTERNAL','909 Executive Row'),(271,16,'2024-05-19',NULL,'Oil_danger','HYDRAULIC_OIL',178,'machine:20%   ',1,'    ','UNCONFIRMED',NULL,'EXTERNAL_FREE','2-1-10 Kaminopporo 1 Jo, Atsubetsu Ward'),(272,16,'2024-04-20',NULL,'Phenol_good','CUTTING_FLUID',688,'Phenol:40% ',1,'    ','CONFIRM',NULL,'EXTERNAL_FREE','760 Wicklow Road'),(273,16,'2024-05-20',NULL,'Benzene_big','WASTE_PAINT',968,'Benzene:60% ',1,'    ','UNCONFIRMED',NULL,'EXTERNAL_FREE','444 Fifth Avenue'),(274,16,'2024-04-22',NULL,'Paper_lot','HOUSEHOLD_WASTE',852,'Paper:40% ',1,'    ','UNCONFIRMED',NULL,'EXTERNAL_FREE','912 Nostrand Ave'),(275,16,'2024-05-09',NULL,'Various metals_ioejf','WASTE_EXPERIMENTAL_EQUIPMENT',152,'Cr:40% Pb:28% ',1,'    ','CONFIRM',NULL,'EXTERNAL_FREE','107 Central Avenue'),(276,16,'2024-05-07',NULL,'Paper_fiche2','WASTE_PAPER',238,'Paper:30% ',1,'    ','UNCONFIRMED',NULL,'EXTERNAL_FREE','488 Tianbei 1st Rd, Luohu District'),(277,16,'2024-04-20',NULL,'Phenol13','FUEL_RESIDUES',741,'Phenol:19% ',1,'    ','CONFIRM',NULL,'EXTERNAL_FREE','725 Lefeng 6th Rd'),(278,16,'2024-04-17',NULL,'Copper13','COMPOSITE_MATERIAL_CUTTING_WASTE',44,'Cu:60% ',1,'    ','UNCONFIRMED',NULL,'EXTERNAL_FREE','95 Nostrand Ave'),(279,16,'2024-05-06',NULL,'Coppe_cie','CATALYZER',930,'Cu:30% ',1,'    ','UNCONFIRMED',NULL,'EXTERNAL_FREE','2-1-1 Kaminopporo 1 Jo, Atsubetsu Ward'),(280,16,'2024-04-27',NULL,'Chromium disposal','HEAVY_METAL_WASTEWATER',952,'Cr:40% ',1,'    ','UNCONFIRMED',NULL,'EXTERNAL_FREE','2-5-20 Chitose, Atsuta Ward'),(281,16,'2024-05-12',NULL,'Waste experimental222','WASTE_EXPERIMENTAL_EQUIPMENT',387,'Hg:40% ',1,'    ','UNCONFIRMED',NULL,'EXTERNAL_FREE','839 Jiangnan West Road, Haizhu District'),(282,16,'2024-04-29',NULL,'Hg_bduwg','DISCARDED_ELECTRONIC_COMPONENTS',693,'Hg:24% ',1,'    ','UNCONFIRMED',NULL,'EXTERNAL_FREE','391 4th Section  Renmin South Road, Jinjiang District'),(283,16,'2024-05-19',NULL,'Nitrate_deu','HAZARDOUS_CHEMICALS',572,'NH4Cl:70% ',1,'    ','UNCONFIRMED',NULL,'EXTERNAL_FREE','4-9-20 Kamihigashi, Hirano Ward'),(284,16,'2024-04-28','2024-05-17','Nitrate_duy3g','EXHAUST_GAS',681,'NO3:20% ',1,'    ','PROCESSING',NULL,'EXTERNAL_FREE','544 Binchuan Rd, Minhang District'),(285,16,'2024-05-09',NULL,'Cr_bef','COMPOSITE_MATERIAL_CUTTING_WASTE',619,'Cr:37% ',1,'    ','UNCONFIRMED',NULL,'EXTERNAL_FREE','719 Pedway'),(286,16,'2024-05-01','2024-05-05','Plastic','PLASTIC',35,'plastic:50% ',1,'    ','PROCESSING',NULL,'EXTERNAL_FREE','3-15-15 Ginza, Chuo-ku'),(287,16,'2024-05-13','2024-05-20','Cadmium_cieh','MINERAL_RESIDUE',22,'Cd:30% ',1,'    ','PROCESSING',NULL,'EXTERNAL_FREE','835 68 Qinghe Middle St, Haidian District'),(288,16,'2024-05-08','2024-05-22','Copper_febu','METAL_CHIPS',823,'Cu:20% ',1,'    ','FINISHED',NULL,'EXTERNAL_FREE','13-3-10 Toyohira 3 Jo, Toyohira Ward'),(289,16,'2024-04-17','2024-05-22','Copper Oxide_duieh','HAZARDOUS_CHEMICALS',461,'CuO:20% Cr:30% ',1,'    ','FINISHED',NULL,'EXTERNAL_FREE','194 Tianhe Road, Tianhe District'),(290,16,'2024-05-08','2024-05-15','Paper39','WASTE_PAPER',294,'Paper:40% ',1,'    ','PROCESSING',NULL,'EXTERNAL_FREE','185 State Street'),(291,16,'2024-05-03',NULL,'Cu_efug','METAL_CHIPS',943,'Cu:70% ',1,'    ','UNCONFIRMED',NULL,'EXTERNAL_FREE','582 Bergen St'),(292,16,'2024-05-18','2024-06-02','Cu_febu','DISCARDED_ELECTRONIC_COMPONENTS',998,'Cu:80% ',1,'    ','PROCESSING',NULL,'EXTERNAL_FREE','315 Jianxiang Rd, Pudong'),(293,16,'2024-04-28',NULL,'Oil_hareav','HYDRAULIC_OIL',525,'contaminant:70% ',1,'    ','UNCONFIRMED',NULL,'EXTERNAL_FREE','2-1-19 Kaminopporo 1 Jo, Atsubetsu Ward'),(294,16,'2024-05-06',NULL,'Copper_feuh','CATALYZER',810,'Cu:70% ',1,'    ','CONFIRM',NULL,'EXTERNAL_FREE','986 Wicklow Road'),(295,16,'2024-04-21',NULL,'NOx_efuh','EXHAUST_GAS',613,'NOx:40% ',1,'    ','CONFIRM',NULL,'EXTERNAL_FREE','79 West Market Street'),(296,16,'2024-05-17',NULL,'CO2 dismission','WASTE_HEAT',191,'CO2:70% ',1,'    ','CONFIRM',NULL,'EXTERNAL_FREE','2-1-5 Kaminopporo 1 Jo, Atsubetsu Ward'),(297,16,'2024-05-09',NULL,'Plastic_bedekn','PLASTIC',148,'Plastics:60% ',1,'    ','CONFIRM',NULL,'EXTERNAL_FREE','5 Nostrand Ave'),(298,16,'2024-04-22',NULL,'Benzene_ceuih','CHEMICAL_PROPELLANTS',136,'Benzene:65% ',1,'    ','UNCONFIRMED',NULL,'EXTERNAL_FREE','1-5-11, Higashi-Shimbashi, Minato-ku'),(299,16,'2024-04-21','2024-05-22','Oil_cheu','HYDRAULIC_OIL',288,'Phenol:58% ',1,'    ','FINISHED',NULL,'EXTERNAL_FREE','333 Shennan Ave, Futian District'),(300,16,'2024-05-20','2024-05-30','Benzene_gooddjen','FUEL_RESIDUES',311,'Benzene:40% ',1,'    ','PROCESSING',NULL,'EXTERNAL_FREE','3-19-16 Shimizu, Kita Ward'),(301,16,'2024-05-02',NULL,'Engineering industry','HAZARDOUS_CHEMICALS',1302,'PO4:47% ',1,'   ','CONFIRM',NULL,'EXTERNAL','2-5-16 Chitose, Atsuta Ward'),(302,16,'2024-05-12',NULL,'Engineering industry','CHEMICAL_PROPELLANTS',1373,'compound:30% ',1,'   ','CONFIRM',NULL,'EXTERNAL','602 Figueroa Street'),(303,16,'2024-05-01',NULL,'Catering industry','MINERAL_RESIDUE',1271,'Benzene:40% ',1,'   ','CONFIRM',NULL,'EXTERNAL','585 NO.6, YuShuang Road, ChengHua Distric'),(304,16,'2024-04-30','2024-05-22','Manufacturing industry','DUST',1427,'CO2:70% ',1,'   ','FINISHED',NULL,'EXTERNAL','106 Wicklow Road'),(305,16,'2024-05-04',NULL,'Logistic industry','CHEMICAL_PROPELLANTS',1778,'Phenol:58% ',1,'   ','UNCONFIRMED',NULL,'EXTERNAL','67 Columbia St'),(306,16,'2024-05-04',NULL,'Trading industry','CATALYZER',1854,'contaminant:70% ',1,'   ','UNCONFIRMED',NULL,'EXTERNAL','355 Shennan E Rd, Cai Wu Wei, Luohu District'),(307,16,'2024-05-03',NULL,'Information technology industry','COMPOSITE_MATERIAL_CUTTING_WASTE',1746,'PO4:25% ',1,'   ','UNCONFIRMED',NULL,'EXTERNAL','1 3-803 Kusunokiajima, Kita Ward'),(308,16,'2024-05-11',NULL,'Industrial industry','HAZARDOUS_CHEMICALS',1538,'Hg:70% ',1,'   ','CONFIRM',NULL,'EXTERNAL','755 Bank Street'),(309,16,'2024-05-15',NULL,'Financial services industry','FUEL_RESIDUES',1058,'Phenol:70% ',1,'   ','CONFIRM',NULL,'EXTERNAL','670 Nostrand Ave'),(310,16,'2024-05-01',NULL,'Telecommunication industry','DUST',1451,'PM2.5:40% ',1,'   ','CONFIRM',NULL,'EXTERNAL','1-6-3, Marunouchi, Chiyoda-ku'),(311,16,'2024-05-11','2024-05-29','Industrial industry','CHEMICALS',1240,'NH4NO3:40% ',1,'   ','PROCESSING',NULL,'EXTERNAL','5-19-17 Shinei 4 Jo, Kiyota Ward'),(312,16,'2024-05-03',NULL,'Information technology industry','HOUSEHOLD_WASTE',1907,'Paper:70% ',1,'   ','UNCONFIRMED',NULL,'EXTERNAL','702 Wooster Street'),(313,16,'2024-05-16','2024-06-06','Pharmaceutical industry','METAL_CHIPS',1942,'Cd:70% ',1,'   ','PROCESSING',NULL,'EXTERNAL','218 Ridgewood Road'),(314,16,'2024-05-05',NULL,'Telecommunication industry','MINERAL_RESIDUE',1561,'Phenol:17% ',1,'   ','CONFIRM',NULL,'EXTERNAL','884 Columbia St'),(315,16,'2024-05-06',NULL,'Industrial industry','WASTE_EXPERIMENTAL_EQUIPMENT',1652,'Phenol:75% ',1,'   ','UNCONFIRMED',NULL,'EXTERNAL','1-6-4, Marunouchi, Chiyoda-ku'),(316,16,'2024-05-14',NULL,'Electronics industry','WASTE_HEAT',1324,'NOx:40% ',1,'   ','CONFIRM',NULL,'EXTERNAL','5 1-1715 Sekohigashi, Moriyama Ward'),(317,16,'2024-05-07',NULL,'Telecommunication industry','HEAVY_METAL_WASTEWATER',1486,'Cu:30% Cr:70% ',1,'   ','UNCONFIRMED',NULL,'EXTERNAL','6 3-803 Kusunokiajima, Kita Ward'),(318,16,'2024-05-17',NULL,'Trading industry','WASTE_PAPER',1023,'Paper:90% ',1,'   ','UNCONFIRMED',NULL,'EXTERNAL','884 Central Avenue'),(319,16,'2024-05-20',NULL,'Information technology industry','HAZARDOUS_CHEMICALS',1256,'Benzene:37% ',1,'   ','UNCONFIRMED',NULL,'EXTERNAL','569 W Ring Rd, Buji Town, Longgang'),(320,16,'2024-05-03',NULL,'Trading industry','COMPOSITE_MATERIAL_CUTTING_WASTE',1309,'NH4Cl:70% ',1,'   ','UNCONFIRMED',NULL,'EXTERNAL','749 Shennan Ave, Futian District'),(321,16,'2024-05-08',NULL,'Pharmaceutical industry','CUTTING_FLUID',1478,'NOx:70% ',1,'   ','UNCONFIRMED',NULL,'EXTERNAL','395 Wooster Street'),(322,16,'2024-05-16',NULL,'Catering industry','WASTE_EXPERIMENTAL_EQUIPMENT',1858,'Pb:20% Cr:70% ',1,'   ','UNCONFIRMED',NULL,'EXTERNAL','947 Lark Street'),(323,16,'2024-05-10',NULL,'Industrial industry','CATALYZER',1370,'NH4Cl:70% ',1,'   ','CONFIRM',NULL,'EXTERNAL','207 Sky Way'),(324,16,'2024-05-08',NULL,'Telecommunication industry','WASTE_PAPER',1244,'Paper:90% ',1,'   ','UNCONFIRMED',NULL,'EXTERNAL','350 3rd Section Hongxing Road, Jinjiang District'),(325,16,'2024-05-10',NULL,'Consulting industry','PLASTIC',1136,'Plastics:60% ',1,'   ','UNCONFIRMED',NULL,'EXTERNAL','754 Wall Street'),(326,16,'2024-05-13',NULL,'Telecommunication industry','HEAVY_METAL_WASTEWATER',1302,'Pb:70% ',1,'   ','UNCONFIRMED',NULL,'EXTERNAL','994 Hongqiao Rd., Xu Hui District'),(327,16,'2024-05-05',NULL,'Information technology industry','DUST',1482,'PM2.5:40% ',1,'   ','CONFIRM',NULL,'EXTERNAL','583 Figueroa Street'),(328,16,'2024-04-30','2024-05-22','Catering industry','WASTE_PAPER',1365,'Paper:90% ',1,'   ','FINISHED',NULL,'EXTERNAL','261 Lefeng 6th Rd'),(329,16,'2024-05-08','2024-05-22','Financial services industry','DISCARDED_ELECTRONIC_COMPONENTS',1325,'Cu:30% ',1,'   ','FINISHED',NULL,'EXTERNAL','459 Nostrand Ave'),(330,16,'2024-05-08',NULL,'Trading industry','WASTE_EXPERIMENTAL_EQUIPMENT',1396,'Plastics:70% ',1,'   ','CONFIRM',NULL,'EXTERNAL','755 028 County Rd, Yanqing District'),(331,16,'2024-01-20','2024-01-22','Production','EXHAUST_GAS',272,'SO2:37% ',1,'       ','FINISHED',NULL,'EXTERNAL_FREE','752 Shennan Ave, Futian District'),(332,16,'2023-05-16','2023-05-17','Accounting & Finance','HOUSEHOLD_WASTE',238,'Paper:70% ',1,'       ','FINISHED',NULL,'EXTERNAL_FREE','17 West Market Street'),(333,16,'2024-01-14','2024-01-16','Sales','CATALYZER',895,'CO2:30% ',1,'       ','FINISHED',NULL,'EXTERNAL_FREE','249 Central Avenue'),(334,16,'2023-06-17','2023-06-19','Product Quality','HYDRAULIC_OIL',391,'compounds:40% ',1,'       ','FINISHED',NULL,'EXTERNAL_FREE','427 Wall Street'),(335,16,'2023-11-17','2023-11-20','Marketing','WASTE_PAINT',45,'Pb:30% ',1,'       ','FINISHED',NULL,'EXTERNAL_FREE','425 West Market Street'),(336,16,'2024-01-20','2024-01-20','Public Relations','WASTE_PAPER',403,'Paper:20% ',1,'       ','FINISHED',NULL,'EXTERNAL_FREE','734 North Michigan Ave'),(337,16,'2023-10-24','2023-10-26','Sales','CHEMICALS',430,'Cd:30% ',1,'       ','FINISHED',NULL,'EXTERNAL_FREE','3-9-14 Gakuenminami'),(338,16,'2023-11-15','2023-11-27','Accounting & Finance','PLASTIC',93,'Plastic:30% ',1,'       ','FINISHED',NULL,'EXTERNAL_FREE','5-2-18 Higashi Gotanda, Shinagawa-ku '),(339,16,'2023-11-23','2023-11-26','Product Quality','COMPOSITE_MATERIAL_CUTTING_WASTE',431,'Cu:20% ',1,'       ','FINISHED',NULL,'EXTERNAL_FREE','5-2-18 Higashi Gotanda, Shinagawa-ku '),(340,16,'2023-06-16','2023-06-17','Human resource','CUTTING_FLUID',848,'CO2:40% SO3:3% ',1,'       ','FINISHED',NULL,'EXTERNAL_FREE','235 W Ring Rd, Buji Town, Longgang'),(341,16,'2023-10-27','2023-10-30','Purchasing','LUBRICANT_WASTE',924,'Cu:20% ',1,'       ','FINISHED',NULL,'EXTERNAL_FREE','397 028 County Rd, Yanqing District'),(342,16,'2024-02-22','2024-02-24','Administrative & Management','COMPOSITE_MATERIAL_CUTTING_WASTE',518,'Hg:10% ',1,'       ','FINISHED',NULL,'EXTERNAL_FREE','927 West Chang\'an Avenue, Xicheng District'),(343,16,'2023-08-29','2023-08-31','Chlorinated Compound Management','MINERAL_RESIDUE',803,'Cr:30% ',1,'       ','FINISHED',NULL,'EXTERNAL_FREE','2-5-12 Chitose, Atsuta Ward'),(344,16,'2023-12-28','2023-12-30','Custom Service Support','HAZARDOUS_CHEMICALS',667,'PO4:47% ',1,'       ','FINISHED',NULL,'EXTERNAL_FREE','976 West Houston Street'),(345,16,'2023-06-29','2023-06-30','Production','DISCARDED_ELECTRONIC_COMPONENTS',92,'Cu:20% ',1,'       ','FINISHED',NULL,'EXTERNAL_FREE','326 East Wangfujing Street, Dongcheng District '),(346,16,'2023-10-22','2024-05-25','Purchasing','PLASTIC',260,'Plastic:30% ',1,'       ','FINISHED',NULL,'EXTERNAL_FREE','269 Alameda Street'),(347,16,'2023-06-05','2023-06-07','Export','PLASTIC',93,'Plastic:40% ',1,'       ','FINISHED',NULL,'EXTERNAL_FREE','1-6-17, Marunouchi, Chiyoda-ku'),(348,16,'2023-07-09','2023-07-10','Sales','WASTE_PAINT',335,'Cu:20% ',1,'       ','FINISHED',NULL,'EXTERNAL_FREE','675 Jianxiang Rd, Pudong'),(349,16,'2023-09-15','2023-09-18','Logistics','WASTE_EXPERIMENTAL_EQUIPMENT',968,'Cu:40% ',1,'       ','FINISHED',NULL,'EXTERNAL_FREE','556 2nd Zhongshan Road, Yuexiu District'),(350,16,'2023-12-23','2023-12-25','Accounting & Finance','EXHAUST_GAS',32,'NOx:30% ',1,'       ','FINISHED',NULL,'EXTERNAL_FREE','9 3-803 Kusunokiajima, Kita Ward'),(351,16,'2023-10-27','2023-10-28','Information Technology Support','METAL_CHIPS',843,'Pb:40% ',1,'       ','FINISHED',NULL,'EXTERNAL_FREE','632 Daxin S Rd, Daxin Shangquan, Tianhe Qu'),(352,16,'2023-09-01','2023-09-04','Public Relations','METAL_CHIPS',845,'Cu:30% ',1,'       ','FINISHED',NULL,'EXTERNAL_FREE','593 Sky Way'),(353,16,'2024-01-23','2024-01-24','Research & Development','HEAVY_METAL_WASTEWATER',676,'Cr:40% ',1,'       ','FINISHED',NULL,'EXTERNAL_FREE','790 Daxin S Rd, Daxin Shangquan, Tianhe Qu'),(354,16,'2023-08-18','2024-08-22','Product Quality','DISCARDED_ELECTRONIC_COMPONENTS',115,'NO3:40% ',1,'       ','FINISHED',NULL,'EXTERNAL_FREE','No. 881, Shuangqing Rd, Chenghua District'),(355,16,'2023-09-06','2023-09-08','Information Technology Support','PLASTIC',709,'Plastic:40% ',1,'       ','FINISHED',NULL,'EXTERNAL_FREE','255 Bank Street'),(356,16,'2024-01-23','2024-01-26','Export','PLASTIC',639,'Plastic:70% ',1,'       ','FINISHED',NULL,'EXTERNAL_FREE','375 Bergen St'),(357,16,'2024-02-06','2024-02-08','Custom Service Support','WASTE_EXPERIMENTAL_EQUIPMENT',830,'Cu:20% ',1,'       ','FINISHED',NULL,'EXTERNAL_FREE','333 Collier Road'),(358,16,'2024-02-28','2024-02-29','Legal Department','WASTE_EXPERIMENTAL_EQUIPMENT',406,'CuO:30% ',1,'       ','FINISHED',NULL,'EXTERNAL_FREE','3-27-12 Higashitanabe, Higashisumiyoshi Ward'),(359,16,'2023-05-22','2023-05-22','Custom Service Support','CHEMICAL_PROPELLANTS',529,'contaminants:70% ',1,'       ','FINISHED',NULL,'EXTERNAL_FREE','702 Jiangnan West Road, Haizhu District'),(360,16,'2023-08-21','2023-08-21','Sales','EXHAUST_GAS',187,'NO3:70% ',1,'good','FINISHED',NULL,'EXTERNAL_FREE','515 Daxin S Rd, Daxin Shangquan, Tianhe Qu'),(361,16,'2023-07-22','2023-07-23','Sales','CHEMICALS',1082,'Cu:80% ',1,'       ','FINISHED',NULL,'EXTERNAL','664 Bank Street'),(362,16,'2023-10-11','2023-10-14','Export','WASTE_PAPER',1665,'Paper:90% ',1,'       ','FINISHED',NULL,'EXTERNAL','2-3-9 Yoyogi, Shibuya-ku'),(363,16,'2023-11-19','2023-11-19','Product Quality','METAL_CHIPS',1984,'CuO:40% ',1,'       ','FINISHED',NULL,'EXTERNAL','12 1-1715 Sekohigashi, Moriyama Ward'),(364,16,'2023-05-13','2023-05-17','Marketing','WASTE_EXPERIMENTAL_EQUIPMENT',1323,'Cu:50% ',1,'       ','FINISHED',NULL,'EXTERNAL','830 East Cooke Road'),(365,16,'2023-07-17','2023-07-20','Custom Service Support','COMPOSITE_MATERIAL_CUTTING_WASTE',1484,'Hg:20% ',1,'       ','FINISHED',NULL,'EXTERNAL','287 Diplomacy Drive'),(366,16,'2023-06-01','2023-06-03','Human resource','CHEMICAL_PROPELLANTS',1527,'Pb:30% ',1,'       ','FINISHED',NULL,'EXTERNAL','25 Jiangnan West Road, Haizhu District'),(367,16,'2023-10-10','2023-10-12','Research & Development','LUBRICANT_WASTE',1672,'contaminants:70% ',1,'       ','FINISHED',NULL,'EXTERNAL','3-15-19 Ginza, Chuo-ku'),(368,16,'2023-09-02','2023-09-05','Engineering','MINERAL_RESIDUE',1920,'Cr:30% ',1,'       ','FINISHED',NULL,'EXTERNAL','235 FuXingMenNei Street, XiCheng District'),(369,16,'2023-08-11','2023-08-14','Legal Department','LUBRICANT_WASTE',1037,'contaminants:70% ',1,'       ','FINISHED',NULL,'EXTERNAL','4-9-15 Kamihigashi, Hirano Ward'),(370,16,'2023-11-10','2023-11-11','Plastic Recycling Initiative','PLASTIC',1630,'Plastic:70% ',1,'       ','FINISHED',NULL,'EXTERNAL','318 2nd Zhongshan Road, Yuexiu District'),(371,1,'2024-04-26','2024-04-28','Metal Wastewater Disposal','HEAVY_METAL_WASTEWATER',500,'CuSo4:10% ',1.9,'Metal Wastewater Disposal','FINISHED',1,'INTERNAL','101 Steel Avenue'),(372,1,'2024-04-27','2024-04-29','Exhaust Gas Treatment','HEAVY_METAL_WASTEWATER',100,'So2:10% ',1,'Exhaust Gas Treatment','FINISHED',1,'INTERNAL','101 Steel Avenue'),(373,1,'2024-04-28','2024-04-30','Mineral Residue Processing','HEAVY_METAL_WASTEWATER',500,'Tailings:95% ',1,'Mineral Residue Processing','FINISHED',1,'INTERNAL','101 Steel Avenue'),(374,1,'2024-04-29','2024-05-01','Heavy Metal Sludge Management','HEAVY_METAL_WASTEWATER',300,'ZnCl2:8% ',1,'Heavy Metal Sludge Management','FINISHED',1,'INTERNAL','101 Steel Avenue'),(375,1,'2024-04-30','2024-05-02','Industrial Smoke Cleanup','HEAVY_METAL_WASTEWATER',500,'NOx:12% ',1,'Industrial Smoke Cleanup','FINISHED',1,'INTERNAL','101 Steel Avenue'),(376,1,'2024-04-27','2024-05-04','Ore Tailings Treatment','HEAVY_METAL_WASTEWATER',800,'dust:90% ',1.8,'Ore Tailings Treatment','FINISHED',1,'INTERNAL','101 Steel Avenue'),(377,1,'2024-04-28','2024-05-05','Acidic Water Neutralization','HEAVY_METAL_WASTEWATER',800,'H2SO4:5% ',1,'Acidic Water Neutralization','FINISHED',1,'INTERNAL','101 Steel Avenue'),(378,1,'2024-04-29','2024-05-06','Vehicular Emissions Control','HEAVY_METAL_WASTEWATER',800,'CO:15% ',1,'Vehicular Emissions Control','FINISHED',1,'INTERNAL','101 Steel Avenue'),(379,1,'2024-04-30','2024-05-04','Sand Waste Processing','HEAVY_METAL_WASTEWATER',1000,'residue:88% ',1,'Sand Waste Processing','FINISHED',1,'INTERNAL','101 Steel Avenue'),(380,1,'2024-05-01','2024-05-04','Furnace Gas Treatment','HEAVY_METAL_WASTEWATER',1000,'HCl:9% ',1,'Furnace Gas Treatment','FINISHED',1,'INTERNAL','101 Steel Avenue'),(381,1,'2024-05-02','2024-05-05','Clay Residue Handling','HEAVY_METAL_WASTEWATER',1000,'particles:93% ',1,'Clay Residue Handling','FINISHED',1,'INTERNAL','101 Steel Avenue'),(382,1,'2024-05-03','2024-05-06','Lead Contaminated Water Cleanup','HEAVY_METAL_WASTEWATER',1000,'Pb(NO3)2:6% ',1,'Lead Contaminated Water Cleanup','FINISHED',1,'INTERNAL','101 Steel Avenue'),(383,1,'2024-05-04','2024-05-05','Heavy Metal Sludge Management','HEAVY_METAL_WASTEWATER',500,'ZnCl2:8% ',1,'Heavy Metal Sludge Management','FINISHED',1,'INTERNAL','101 Steel Avenue'),(384,1,'2024-05-05','2024-05-06','Industrial Smoke Cleanup','HEAVY_METAL_WASTEWATER',500,'NOx:12% ',1,'Industrial Smoke Cleanup','FINISHED',1,'INTERNAL','101 Steel Avenue'),(385,1,'2024-05-06','2024-05-07','Ore Tailings Treatment','HEAVY_METAL_WASTEWATER',500,'dust:90% ',1.8,'Ore Tailings Treatment','FINISHED',1,'INTERNAL','101 Steel Avenue'),(386,1,'2024-05-07','2024-05-08','Acidic Water Neutralization','HEAVY_METAL_WASTEWATER',500,'H2SO4:5% ',1,'Acidic Water Neutralization','FINISHED',1,'INTERNAL','101 Steel Avenue'),(387,1,'2024-05-08','2024-05-09','Vehicular Emissions Control','HEAVY_METAL_WASTEWATER',500,'CO:15% ',1,'Vehicular Emissions Control','FINISHED',1,'INTERNAL','101 Steel Avenue'),(388,1,'2024-05-09','2024-05-10','Heavy Metal Sludge Management','HEAVY_METAL_WASTEWATER',500,'ZnCl2:8% ',1,'Heavy Metal Sludge Management','FINISHED',1,'INTERNAL','101 Steel Avenue'),(389,1,'2024-05-10','2024-05-11','Industrial Smoke Cleanup','HEAVY_METAL_WASTEWATER',500,'NOx:12% ',1,'Industrial Smoke Cleanup','FINISHED',1,'INTERNAL','101 Steel Avenue'),(390,1,'2024-05-11','2024-05-13','Ore Tailings Treatment','HEAVY_METAL_WASTEWATER',500,'dust:90% ',1.8,'Ore Tailings Treatment','FINISHED',1,'INTERNAL','101 Steel Avenue'),(391,1,'2024-05-12','2024-05-14','Acidic Water Neutralization','HEAVY_METAL_WASTEWATER',500,'H2SO4:5% ',1,'Acidic Water Neutralization','FINISHED',1,'INTERNAL','101 Steel Avenue'),(392,1,'2024-05-13','2024-05-15','Vehicular Emissions Control','HEAVY_METAL_WASTEWATER',1000,'CO:15% ',1,'Vehicular Emissions Control','FINISHED',1,'INTERNAL','101 Steel Avenue'),(393,1,'2024-05-14','2024-05-16','Heavy Metal Sludge Management','HEAVY_METAL_WASTEWATER',1000,'ZnCl2:8% ',1,'Heavy Metal Sludge Management','FINISHED',1,'INTERNAL','101 Steel Avenue'),(394,1,'2024-05-15','2024-05-18','Industrial Smoke Cleanup','HEAVY_METAL_WASTEWATER',1000,'NOx:12% ',1,'Industrial Smoke Cleanup','FINISHED',1,'INTERNAL','101 Steel Avenue'),(395,1,'2024-05-16','2024-05-19','Ore Tailings Treatment','HEAVY_METAL_WASTEWATER',1000,'dust:90% ',1.8,'Ore Tailings Treatment','FINISHED',1,'INTERNAL','101 Steel Avenue'),(396,1,'2024-05-17','2024-05-20','Acidic Water Neutralization','HEAVY_METAL_WASTEWATER',1000,'H2SO4:5% ',1,'Acidic Water Neutralization','FINISHED',1,'INTERNAL','101 Steel Avenue'),(397,1,'2024-05-18','2024-05-21','Vehicular Emissions Control','HEAVY_METAL_WASTEWATER',500,'CO:15% ',1,'Vehicular Emissions Control','FINISHED',1,'INTERNAL','101 Steel Avenue'),(398,1,'2024-05-19','2024-05-22','Heavy Metal Sludge Management','HEAVY_METAL_WASTEWATER',500,'ZnCl2:8% ',1,'Heavy Metal Sludge Management','FINISHED',1,'INTERNAL','101 Steel Avenue'),(399,1,'2024-05-20','2024-05-22','Industrial Smoke Cleanup','HEAVY_METAL_WASTEWATER',500,'NOx:12% ',1,'Industrial Smoke Cleanup','FINISHED',1,'INTERNAL','101 Steel Avenue'),(400,1,'2024-04-21','2024-04-24','Industrial Smoke Cleanup','EXHAUST_GAS',50,'NOx:12%',1,'Industrial Smoke Cleanup','FINISHED',1,'INTERNAL','101 Steel Avenue'),(401,1,'2024-04-22','2024-04-25','Vehicular Emissions Control','EXHAUST_GAS',40,'CO:15%',1,'Industrial Smoke Cleanup','FINISHED',1,'INTERNAL','101 Steel Avenue'),(402,1,'2024-04-23','2024-04-26','Furnace Gas Treatment','EXHAUST_GAS',35,'HCl:9%',1,'Industrial Smoke Cleanup','FINISHED',1,'INTERNAL','101 Steel Avenue'),(403,1,'2024-04-24','2024-04-28','C dismission CO2','EXHAUST_GAS',30,'CO2:30%',1,'Industrial Smoke Cleanup','FINISHED',1,'INTERNAL','101 Steel Avenue'),(404,1,'2024-04-25','2024-04-29','NO3_2','EXHAUST_GAS',60,'NO3:60%',1,'Industrial Smoke Cleanup','FINISHED',1,'INTERNAL','101 Steel Avenue'),(405,1,'2024-04-26','2024-05-01','3SO2','EXHAUST_GAS',100,'SO2:10%',1,'Industrial Smoke Cleanup','FINISHED',1,'INTERNAL','101 Steel Avenue'),(406,1,'2024-04-27','2024-05-02','PM10aaa','EXHAUST_GAS',120,'PM10:20%',1,'Industrial Smoke Cleanup','FINISHED',1,'INTERNAL','101 Steel Avenue'),(407,1,'2024-04-28','2024-05-03','PM10_adw','EXHAUST_GAS',150,'PM10:30%',1,'Industrial Smoke Cleanup','FINISHED',1,'INTERNAL','101 Steel Avenue'),(408,1,'2024-04-29','2024-05-04','PM10_fesd','EXHAUST_GAS',180,'PM10:40%',1,'Industrial Smoke Cleanup','FINISHED',1,'INTERNAL','101 Steel Avenue'),(409,1,'2024-04-30','2024-05-05','Benzene20','EXHAUST_GAS',200,'Benzene:20%',1,'Industrial Smoke Cleanup','FINISHED',1,'INTERNAL','101 Steel Avenue'),(410,1,'2024-05-01','2024-05-04','Benzene30','EXHAUST_GAS',170,'Benzene:30% Chlorinated:10%',1,'Industrial Smoke Cleanup','FINISHED',1,'INTERNAL','101 Steel Avenue'),(411,1,'2024-05-02','2024-05-05','Nitrate_duy3g','EXHAUST_GAS',140,'NO3:20%',1,'Industrial Smoke Cleanup','FINISHED',1,'INTERNAL','101 Steel Avenue'),(412,1,'2024-05-03','2024-05-06','NOx_efuh','EXHAUST_GAS',110,'NO3:40%',1,'Industrial Smoke Cleanup','FINISHED',1,'INTERNAL','101 Steel Avenue'),(413,1,'2024-05-04','2024-05-07','Production','EXHAUST_GAS',90,'SO2:37%',1,'Industrial Smoke Cleanup','FINISHED',1,'INTERNAL','101 Steel Avenue'),(414,1,'2024-05-05','2024-05-08','Accounting & Finance','EXHAUST_GAS',80,'NOx:30%',1,'Industrial Smoke Cleanup','FINISHED',1,'INTERNAL','101 Steel Avenue'),(415,1,'2024-05-06','2024-05-09','Sales','EXHAUST_GAS',70,'NO3:70%',1,'Industrial Smoke Cleanup','FINISHED',1,'INTERNAL','101 Steel Avenue'),(416,1,'2024-05-07','2024-05-10','Industrial Maintenance','EXHAUST_GAS',85,'NOx:25%',1,'Industrial Smoke Cleanup','FINISHED',1,'INTERNAL','101 Steel Avenue'),(417,1,'2024-05-08','2024-05-11','HR Training','EXHAUST_GAS',95,'CO2:20%',1,'Industrial Smoke Cleanup','FINISHED',1,'INTERNAL','101 Steel Avenue'),(418,1,'2024-05-09','2024-05-12','Project Kickoff','EXHAUST_GAS',105,'Benzene:15%',1,'Industrial Smoke Cleanup','FINISHED',1,'INTERNAL','101 Steel Avenue'),(419,1,'2024-05-10','2024-05-13','Security Check','EXHAUST_GAS',125,'H2S:5%',1,'Industrial Smoke Cleanup','FINISHED',1,'INTERNAL','101 Steel Avenue'),(420,1,'2024-05-11','2024-05-14','Technology Upgrade','EXHAUST_GAS',200,'NOx:45%',1,'Industrial Smoke Cleanup','FINISHED',1,'INTERNAL','101 Steel Avenue'),(421,1,'2024-05-12','2024-05-15','Customer Service','EXHAUST_GAS',230,'SO2:50%',1,'Industrial Smoke Cleanup','FINISHED',1,'INTERNAL','101 Steel Avenue'),(422,1,'2024-05-13','2024-05-17','Marketing Campaign','EXHAUST_GAS',250,'PM10:55%',1,'Industrial Smoke Cleanup','FINISHED',1,'INTERNAL','101 Steel Avenue'),(423,1,'2024-05-14','2024-05-19','New Product Launch','EXHAUST_GAS',270,'Benzene:60%',1,'Industrial Smoke Cleanup','FINISHED',1,'INTERNAL','101 Steel Avenue'),(424,1,'2024-05-15','2024-05-20','Environmental Assessment','EXHAUST_GAS',290,'CO:65%',1,'Industrial Smoke Cleanup','FINISHED',1,'INTERNAL','101 Steel Avenue'),(425,1,'2024-05-16','2024-05-21','Compliance Review','EXHAUST_GAS',310,'NO3:75%',1,'Industrial Smoke Cleanup','FINISHED',1,'INTERNAL','101 Steel Avenue'),(426,1,'2024-05-17','2024-05-22','Policy Update','EXHAUST_GAS',330,'HCl:80%',1,'Industrial Smoke Cleanup','FINISHED',1,'INTERNAL','101 Steel Avenue'),(427,1,'2024-05-18','2024-05-22','Corporate Training','EXHAUST_GAS',290,'SO2:85%',1,'Industrial Smoke Cleanup','FINISHED',1,'INTERNAL','101 Steel Avenue'),(428,1,'2024-05-19','2024-05-22','Year-End Review','EXHAUST_GAS',270,'PM10:90%',1,'Industrial Smoke Cleanup','FINISHED',1,'INTERNAL','101 Steel Avenue'),(429,1,'2024-05-20','2024-05-23','Inventory Audit','EXHAUST_GAS',250,'CO2:95%',1,'Industrial Smoke Cleanup','FINISHED',1,'INTERNAL','101 Steel Avenue'),(430,1,'2024-05-21','2024-05-24','Inventory Audit','EXHAUST_GAS',250,'CO2:95%',1,'Industrial Smoke Cleanup','FINISHED',1,'INTERNAL','101 Steel Avenue'),(431,1,'2024-05-22','2024-05-25','Inventory Audit','EXHAUST_GAS',330,'CO2:95%',1,'Industrial Smoke Cleanup','FINISHED',1,'INTERNAL','101 Steel Avenue');
/*!40000 ALTER TABLE `order` ENABLE KEYS */;
UNLOCK TABLES;

--
-- Table structure for table `processcapacity`
--

DROP TABLE IF EXISTS `processcapacity`;
/*!40101 SET @saved_cs_client     = @@character_set_client */;
/*!50503 SET character_set_client = utf8mb4 */;
CREATE TABLE `processcapacity` (
  `PCID` int NOT NULL AUTO_INCREMENT,
  `wasteType` enum('HEAVY_METAL_WASTEWATER','EXHAUST_GAS','MINERAL_RESIDUE','CUTTING_FLUID','METAL_CHIPS','PLASTIC','COMPOSITE_MATERIAL_CUTTING_WASTE','WASTE_PAINT','DUST','CHEMICALS','CATALYZER','CHEMICAL_PROPELLANTS','FUEL_RESIDUES','DISCARDED_ELECTRONIC_COMPONENTS','HYDRAULIC_OIL','LUBRICANT_WASTE','HAZARDOUS_CHEMICALS','WASTE_EXPERIMENTAL_EQUIPMENT','WASTE_HEAT','WASTE_PAPER','HOUSEHOLD_WASTE') NOT NULL,
  `maxCapacity` float NOT NULL,
  `currentCapacity` float NOT NULL,
  PRIMARY KEY (`PCID`)
) ENGINE=InnoDB AUTO_INCREMENT=22 DEFAULT CHARSET=utf8mb4 COLLATE=utf8mb4_0900_ai_ci;
/*!40101 SET character_set_client = @saved_cs_client */;

--
-- Dumping data for table `processcapacity`
--

LOCK TABLES `processcapacity` WRITE;
/*!40000 ALTER TABLE `processcapacity` DISABLE KEYS */;
INSERT INTO `processcapacity` VALUES (1,'HEAVY_METAL_WASTEWATER',6500,0),(2,'EXHAUST_GAS',5500,2671),(3,'MINERAL_RESIDUE',5000,751),(4,'CUTTING_FLUID',6000,1037),(5,'METAL_CHIPS',5000,2594),(6,'PLASTIC',5000,2481),(7,'COMPOSITE_MATERIAL_CUTTING_WASTE',4500,3575),(8,'WASTE_PAINT',6500,2142),(9,'DUST',4000,1298),(10,'CHEMICALS',5800,2235),(11,'CATALYZER',6100,2943),(12,'CHEMICAL_PROPELLANTS',4400,2222),(13,'FUEL_RESIDUES',4100,3454),(14,'DISCARDED_ELECTRONIC_COMPONENTS',3900,1454),(15,'HYDRAULIC_OIL',5000,1437),(16,'LUBRICANT_WASTE',4700,2295),(17,'HAZARDOUS_CHEMICALS',4000,379),(18,'WASTE_EXPERIMENTAL_EQUIPMENT',4100,1505),(19,'WASTE_HEAT',4200,433),(20,'WASTE_PAPER',4500,294),(21,'HOUSEHOLD_WASTE',4400,488);
/*!40000 ALTER TABLE `processcapacity` ENABLE KEYS */;
UNLOCK TABLES;

--
-- Table structure for table `user`
--

DROP TABLE IF EXISTS `user`;
/*!40101 SET @saved_cs_client     = @@character_set_client */;
/*!50503 SET character_set_client = utf8mb4 */;
CREATE TABLE `user` (
  `UID` int NOT NULL AUTO_INCREMENT,
  `username` varchar(50) NOT NULL,
  `password` varchar(256) NOT NULL,
  `email` varchar(100) NOT NULL,
  `status` enum('DEPARTMENT_MANAGER','WASTE_MANAGER','GOVERNMENT_MANAGER','INDIVIDUAL_USER') NOT NULL,
  `department_id` int DEFAULT NULL,
  PRIMARY KEY (`UID`),
  UNIQUE KEY `username` (`username`),
  KEY `department_id` (`department_id`),
  CONSTRAINT `user_ibfk_1` FOREIGN KEY (`department_id`) REFERENCES `department` (`DID`)
) ENGINE=InnoDB AUTO_INCREMENT=23 DEFAULT CHARSET=utf8mb4 COLLATE=utf8mb4_0900_ai_ci;
/*!40101 SET character_set_client = @saved_cs_client */;

--
-- Dumping data for table `user`
--

LOCK TABLES `user` WRITE;
/*!40000 ALTER TABLE `user` DISABLE KEYS */;
INSERT INTO `user` VALUES (1,'zx','123456','zx@ucdconnect.ie','DEPARTMENT_MANAGER',1),(2,'lzh','123456','lzh@ucdconnect.ie','DEPARTMENT_MANAGER',2),(3,'nmh','123456','nmh@ucdconnect.ie','DEPARTMENT_MANAGER',3),(4,'wzq','123456','wzq@ucdconnect.ie','DEPARTMENT_MANAGER',4),(5,'ysq','123456','ysq@ucdconnect.ie','DEPARTMENT_MANAGER',5),(6,'zx1','123456','zx1@ucdconnect.ie','DEPARTMENT_MANAGER',6),(7,'lzh1','123456','lzh1@ucdconnect.ie','DEPARTMENT_MANAGER',7),(8,'nmh1','123456','nmh1@ucdconnect.ie','DEPARTMENT_MANAGER',8),(9,'wzq1','123456','wzq1@ucdconnect.ie','DEPARTMENT_MANAGER',9),(11,'zxroot','123456','zxroot@ucdconnect.ie','WASTE_MANAGER',NULL),(12,'lzhroot','123456','lzhroot@ucdconnect.ie','WASTE_MANAGER',NULL),(13,'nmhroot','123456','nmhroot@ucdconnect.ie','WASTE_MANAGER',NULL),(14,'wsqroot','123456','wzqroot@ucdconnect.ie','WASTE_MANAGER',NULL),(15,'ysqoot','123456','ysqroot@ucdconnect.ie','WASTE_MANAGER',NULL),(16,'user1','123456','1@1.com','INDIVIDUAL_USER',NULL),(17,'government1','123456','1@1.com','GOVERNMENT_MANAGER',NULL);
/*!40000 ALTER TABLE `user` ENABLE KEYS */;
UNLOCK TABLES;

--
-- Table structure for table `usertemplate`
--

DROP TABLE IF EXISTS `usertemplate`;
/*!40101 SET @saved_cs_client     = @@character_set_client */;
/*!50503 SET character_set_client = utf8mb4 */;
CREATE TABLE `usertemplate` (
  `TID` int NOT NULL AUTO_INCREMENT,
  `UID` int NOT NULL,
  `wasteName` varchar(256) NOT NULL,
  `wasteType` enum('HEAVY_METAL_WASTEWATER','EXHAUST_GAS','MINERAL_RESIDUE','CUTTING_FLUID','METAL_CHIPS','PLASTIC','COMPOSITE_MATERIAL_CUTTING_WASTE','WASTE_PAINT','DUST','CHEMICALS','CATALYZER','CHEMICAL_PROPELLANTS','FUEL_RESIDUES','DISCARDED_ELECTRONIC_COMPONENTS','HYDRAULIC_OIL','LUBRICANT_WASTE','HAZARDOUS_CHEMICALS','WASTE_EXPERIMENTAL_EQUIPMENT','WASTE_HEAT','WASTE_PAPER','HOUSEHOLD_WASTE') NOT NULL,
  `attribution` text NOT NULL,
  PRIMARY KEY (`TID`),
  UNIQUE KEY `uid_name_unique` (`UID`,`wasteName`),
  CONSTRAINT `usertemplate_ibfk_1` FOREIGN KEY (`UID`) REFERENCES `user` (`UID`)
) ENGINE=InnoDB AUTO_INCREMENT=30 DEFAULT CHARSET=utf8mb4 COLLATE=utf8mb4_0900_ai_ci;
/*!40101 SET character_set_client = @saved_cs_client */;

--
-- Dumping data for table `usertemplate`
--

LOCK TABLES `usertemplate` WRITE;
/*!40000 ALTER TABLE `usertemplate` DISABLE KEYS */;
INSERT INTO `usertemplate` VALUES (7,16,'Chips1','METAL_CHIPS','Fe '),(8,16,'Dust1','DUST','N2 O3 '),(25,1,'Gas1','EXHAUST_GAS','CO2 SO2 N2 '),(26,16,'WC paper','WASTE_PAPER','CO2 J CL2 '),(27,1,'Gas111','EXHAUST_GAS','CO2 Fe '),(28,1,'Water1','HEAVY_METAL_WASTEWATER','J CO2 '),(29,1,'Mineral1','MINERAL_RESIDUE','Fe Cu ');
/*!40000 ALTER TABLE `usertemplate` ENABLE KEYS */;
UNLOCK TABLES;

--
-- Table structure for table `waste`
--

DROP TABLE IF EXISTS `waste`;
/*!40101 SET @saved_cs_client     = @@character_set_client */;
/*!50503 SET character_set_client = utf8mb4 */;
CREATE TABLE `waste` (
  `WID` int NOT NULL AUTO_INCREMENT,
  `wasteType` enum('HEAVY_METAL_WASTEWATER','EXHAUST_GAS','MINERAL_RESIDUE','CUTTING_FLUID','METAL_CHIPS','PLASTIC','COMPOSITE_MATERIAL_CUTTING_WASTE','WASTE_PAINT','DUST','CHEMICALS','CATALYZER','CHEMICAL_PROPELLANTS','FUEL_RESIDUES','DISCARDED_ELECTRONIC_COMPONENTS','HYDRAULIC_OIL','LUBRICANT_WASTE','HAZARDOUS_CHEMICALS','WASTE_EXPERIMENTAL_EQUIPMENT','WASTE_HEAT','WASTE_PAPER','HOUSEHOLD_WASTE') NOT NULL,
  `wasteDepartment` enum('METALLURGY','EQUIPMENT_MANUFACTURING','COMPOSITE_MATERIAL','NEW_ENERGY','AUTOMATION_SYSTEM','MAINTENANCE','LABORATORY','DATA_CENTER','OFFICE') DEFAULT NULL,
  PRIMARY KEY (`WID`)
) ENGINE=InnoDB AUTO_INCREMENT=22 DEFAULT CHARSET=utf8mb4 COLLATE=utf8mb4_0900_ai_ci;
/*!40101 SET character_set_client = @saved_cs_client */;

--
-- Dumping data for table `waste`
--

LOCK TABLES `waste` WRITE;
/*!40000 ALTER TABLE `waste` DISABLE KEYS */;
INSERT INTO `waste` VALUES (1,'HEAVY_METAL_WASTEWATER','METALLURGY'),(2,'EXHAUST_GAS','METALLURGY'),(3,'MINERAL_RESIDUE','METALLURGY'),(4,'CUTTING_FLUID','EQUIPMENT_MANUFACTURING'),(5,'METAL_CHIPS','EQUIPMENT_MANUFACTURING'),(6,'PLASTIC','EQUIPMENT_MANUFACTURING'),(7,'COMPOSITE_MATERIAL_CUTTING_WASTE','EQUIPMENT_MANUFACTURING'),(8,'WASTE_PAINT','EQUIPMENT_MANUFACTURING'),(9,'DUST','COMPOSITE_MATERIAL'),(10,'CHEMICALS','COMPOSITE_MATERIAL'),(11,'CATALYZER','COMPOSITE_MATERIAL'),(12,'CHEMICAL_PROPELLANTS','NEW_ENERGY'),(13,'FUEL_RESIDUES','NEW_ENERGY'),(14,'DISCARDED_ELECTRONIC_COMPONENTS','AUTOMATION_SYSTEM'),(15,'HYDRAULIC_OIL','MAINTENANCE'),(16,'LUBRICANT_WASTE','MAINTENANCE'),(17,'HAZARDOUS_CHEMICALS','LABORATORY'),(18,'WASTE_EXPERIMENTAL_EQUIPMENT','LABORATORY'),(19,'WASTE_HEAT','DATA_CENTER'),(20,'WASTE_PAPER','OFFICE'),(21,'HOUSEHOLD_WASTE','OFFICE');
/*!40000 ALTER TABLE `waste` ENABLE KEYS */;
UNLOCK TABLES;

--
-- Table structure for table `wastestorage`
--

DROP TABLE IF EXISTS `wastestorage`;
/*!40101 SET @saved_cs_client     = @@character_set_client */;
/*!50503 SET character_set_client = utf8mb4 */;
CREATE TABLE `wastestorage` (
  `WSID` int NOT NULL AUTO_INCREMENT,
  `wasteType` enum('HEAVY_METAL_WASTEWATER','EXHAUST_GAS','MINERAL_RESIDUE','CUTTING_FLUID','METAL_CHIPS','PLASTIC','COMPOSITE_MATERIAL_CUTTING_WASTE','WASTE_PAINT','DUST','CHEMICALS','CATALYZER','CHEMICAL_PROPELLANTS','FUEL_RESIDUES','DISCARDED_ELECTRONIC_COMPONENTS','HYDRAULIC_OIL','LUBRICANT_WASTE','HAZARDOUS_CHEMICALS','WASTE_EXPERIMENTAL_EQUIPMENT','WASTE_HEAT','WASTE_PAPER','HOUSEHOLD_WASTE') NOT NULL,
  `maxCapacity` float NOT NULL,
  `currentCapacity` float NOT NULL,
  PRIMARY KEY (`WSID`)
) ENGINE=InnoDB AUTO_INCREMENT=22 DEFAULT CHARSET=utf8mb4 COLLATE=utf8mb4_0900_ai_ci;
/*!40101 SET character_set_client = @saved_cs_client */;

--
-- Dumping data for table `wastestorage`
--

LOCK TABLES `wastestorage` WRITE;
/*!40000 ALTER TABLE `wastestorage` DISABLE KEYS */;
INSERT INTO `wastestorage` VALUES (1,'HEAVY_METAL_WASTEWATER',7500,0),(2,'EXHAUST_GAS',6500,613),(3,'MINERAL_RESIDUE',8000,2832),(4,'CUTTING_FLUID',6000,858),(5,'METAL_CHIPS',7000,1992),(6,'PLASTIC',6500,148),(7,'COMPOSITE_MATERIAL_CUTTING_WASTE',7800,3404),(8,'WASTE_PAINT',5900,0),(9,'DUST',7800,4040),(10,'CHEMICALS',9000,1099),(11,'CATALYZER',6800,5750),(12,'CHEMICAL_PROPELLANTS',5900,3675),(13,'FUEL_RESIDUES',4600,1799),(14,'DISCARDED_ELECTRONIC_COMPONENTS',5800,588),(15,'HYDRAULIC_OIL',4500,2353),(16,'LUBRICANT_WASTE',4000,692),(17,'HAZARDOUS_CHEMICALS',4200,3663),(18,'WASTE_EXPERIMENTAL_EQUIPMENT',4300,3354),(19,'WASTE_HEAT',4400,3044),(20,'WASTE_PAPER',4500,2715),(21,'HOUSEHOLD_WASTE',4600,4068);
/*!40000 ALTER TABLE `wastestorage` ENABLE KEYS */;
UNLOCK TABLES;
/*!40103 SET TIME_ZONE=@OLD_TIME_ZONE */;

/*!40101 SET SQL_MODE=@OLD_SQL_MODE */;
/*!40014 SET FOREIGN_KEY_CHECKS=@OLD_FOREIGN_KEY_CHECKS */;
/*!40014 SET UNIQUE_CHECKS=@OLD_UNIQUE_CHECKS */;
/*!40101 SET CHARACTER_SET_CLIENT=@OLD_CHARACTER_SET_CLIENT */;
/*!40101 SET CHARACTER_SET_RESULTS=@OLD_CHARACTER_SET_RESULTS */;
/*!40101 SET COLLATION_CONNECTION=@OLD_COLLATION_CONNECTION */;
/*!40111 SET SQL_NOTES=@OLD_SQL_NOTES */;

-- Dump completed on 2024-05-22 22:58:40
